url,alt,source_page
https://www.srki.ac.in/theme/default/assets/images/load.gif,,https://www.srki.ac.in
https://www.srki.ac.in/theme/default/assets/images/logo.png,,https://www.srki.ac.in
https://www.srki.ac.in/theme/default/assets/images/sulogo.png,,https://www.srki.ac.in
https://www.srki.ac.in/upload/slider/home3.jpg,home3,https://www.srki.ac.in
https://www.srki.ac.in/upload/slider/home3.jpg,,https://www.srki.ac.in
https://www.srki.ac.in/upload/pages/b.v.shah.jpg,,https://www.srki.ac.in
https://www.srki.ac.in/upload/pages/principal.jpg,,https://www.srki.ac.in
https://www.srki.ac.in/theme/default/assets/images/department/cs.jpg,,https://www.srki.ac.in
https://www.srki.ac.in/theme/default/assets/images/department/mb.jpg,,https://www.srki.ac.in
https://www.srki.ac.in/theme/default/assets/images/department/bt.jpg,,https://www.srki.ac.in
https://www.srki.ac.in/theme/default/assets/images/department/es.jpg,,https://www.srki.ac.in
https://www.srki.ac.in/theme/default/assets/images/department/allied.jpg,,https://www.srki.ac.in
https://www.srki.ac.in/theme/default/assets/images/department/chemistry.jpg,,https://www.srki.ac.in
http://srki.ac.in/upload/image/instagram.png,,https://www.srki.ac.in
https://www.srki.ac.in/upload/image/you%20tube%20compress.jpg,,https://www.srki.ac.in
https://counter.websiteout.com/compte.php?S=https%3A%2F%2Fwww.srki.ac.in%2F&C=4&D=5&N=4000&M=0&clt=1746289228&ca=,web hit counter,https://www.srki.ac.in
https://www.srki.ac.in/theme/default/assets/images/top.png,,https://www.srki.ac.in
https://www.srki.ac.in/theme/default/assets/images/logo.png,,https://www.srki.ac.in/contact/
https://www.srki.ac.in/theme/default/assets/images/sulogo.png,,https://www.srki.ac.in/contact/
http://srki.ac.in/upload/image/instagram.png,,https://www.srki.ac.in/contact/
https://www.srki.ac.in/upload/image/you%20tube%20compress.jpg,,https://www.srki.ac.in/contact/
https://counter.websiteout.com/compte.php?S=https%3A%2F%2Fwww.srki.ac.in%2Fcontact%2F&C=4&D=5&N=4000&M=0&clt=1746289228&ca=,web hit counter,https://www.srki.ac.in/contact/
https://www.srki.ac.in/theme/default/assets/images/top.png,,https://www.srki.ac.in/contact/
https://www.srki.ac.in/theme/default/assets/images/load.gif,,https://www.srki.ac.in/
https://www.srki.ac.in/theme/default/assets/images/logo.png,,https://www.srki.ac.in/
https://www.srki.ac.in/theme/default/assets/images/sulogo.png,,https://www.srki.ac.in/
https://www.srki.ac.in/upload/slider/home3.jpg,home3,https://www.srki.ac.in/
https://www.srki.ac.in/upload/slider/home3.jpg,,https://www.srki.ac.in/
https://www.srki.ac.in/upload/pages/b.v.shah.jpg,,https://www.srki.ac.in/
https://www.srki.ac.in/upload/pages/principal.jpg,,https://www.srki.ac.in/
https://www.srki.ac.in/theme/default/assets/images/department/cs.jpg,,https://www.srki.ac.in/
https://www.srki.ac.in/theme/default/assets/images/department/mb.jpg,,https://www.srki.ac.in/
https://www.srki.ac.in/theme/default/assets/images/department/bt.jpg,,https://www.srki.ac.in/
https://www.srki.ac.in/theme/default/assets/images/department/es.jpg,,https://www.srki.ac.in/
https://www.srki.ac.in/theme/default/assets/images/department/allied.jpg,,https://www.srki.ac.in/
https://www.srki.ac.in/theme/default/assets/images/department/chemistry.jpg,,https://www.srki.ac.in/
http://srki.ac.in/upload/image/instagram.png,,https://www.srki.ac.in/
https://www.srki.ac.in/upload/image/you%20tube%20compress.jpg,,https://www.srki.ac.in/
https://counter.websiteout.com/compte.php?S=https%3A%2F%2Fwww.srki.ac.in%2F&C=4&D=5&N=4000&M=0&clt=1746289228&ca=,web hit counter,https://www.srki.ac.in/
https://www.srki.ac.in/theme/default/assets/images/top.png,,https://www.srki.ac.in/
https://www.srki.ac.in/theme/default/assets/images/load.gif,,https://www.srki.ac.in/#
https://www.srki.ac.in/theme/default/assets/images/logo.png,,https://www.srki.ac.in/#
https://www.srki.ac.in/theme/default/assets/images/sulogo.png,,https://www.srki.ac.in/#
https://www.srki.ac.in/upload/slider/home3.jpg,home3,https://www.srki.ac.in/#
https://www.srki.ac.in/upload/slider/home3.jpg,,https://www.srki.ac.in/#
https://www.srki.ac.in/upload/pages/b.v.shah.jpg,,https://www.srki.ac.in/#
https://www.srki.ac.in/upload/pages/principal.jpg,,https://www.srki.ac.in/#
https://www.srki.ac.in/theme/default/assets/images/department/cs.jpg,,https://www.srki.ac.in/#
https://www.srki.ac.in/theme/default/assets/images/department/mb.jpg,,https://www.srki.ac.in/#
https://www.srki.ac.in/theme/default/assets/images/department/bt.jpg,,https://www.srki.ac.in/#
https://www.srki.ac.in/theme/default/assets/images/department/es.jpg,,https://www.srki.ac.in/#
https://www.srki.ac.in/theme/default/assets/images/department/allied.jpg,,https://www.srki.ac.in/#
https://www.srki.ac.in/theme/default/assets/images/department/chemistry.jpg,,https://www.srki.ac.in/#
http://srki.ac.in/upload/image/instagram.png,,https://www.srki.ac.in/#
https://www.srki.ac.in/upload/image/you%20tube%20compress.jpg,,https://www.srki.ac.in/#
https://counter.websiteout.com/compte.php?S=https%3A%2F%2Fwww.srki.ac.in%2F&C=4&D=5&N=4000&M=0&clt=1746289228&ca=,web hit counter,https://www.srki.ac.in/#
https://www.srki.ac.in/theme/default/assets/images/top.png,,https://www.srki.ac.in/#
https://www.srki.ac.in/theme/default/assets/images/load.gif,,https://www.srki.ac.in/pages/srki-constituent-college-of-sarvajanik-university-/
https://www.srki.ac.in/theme/default/assets/images/logo.png,,https://www.srki.ac.in/pages/srki-constituent-college-of-sarvajanik-university-/
https://www.srki.ac.in/theme/default/assets/images/sulogo.png,,https://www.srki.ac.in/pages/srki-constituent-college-of-sarvajanik-university-/
https://www.srki.ac.in/upload/slider/home3.jpg,,https://www.srki.ac.in/pages/srki-constituent-college-of-sarvajanik-university-/
http://srki.ac.in/upload/image/instagram.png,,https://www.srki.ac.in/pages/srki-constituent-college-of-sarvajanik-university-/
https://www.srki.ac.in/upload/image/you%20tube%20compress.jpg,,https://www.srki.ac.in/pages/srki-constituent-college-of-sarvajanik-university-/
https://counter.websiteout.com/compte.php?S=https%3A%2F%2Fwww.srki.ac.in%2Fpages%2Fsrki-constituent-college-of-sarvajanik-university-%2F&C=4&D=5&N=4000&M=0&clt=1746289228&ca=,web hit counter,https://www.srki.ac.in/pages/srki-constituent-college-of-sarvajanik-university-/
https://www.srki.ac.in/theme/default/assets/images/top.png,,https://www.srki.ac.in/pages/srki-constituent-college-of-sarvajanik-university-/
https://www.srki.ac.in/theme/default/assets/images/load.gif,,https://www.srki.ac.in/pages/history/
https://www.srki.ac.in/theme/default/assets/images/logo.png,,https://www.srki.ac.in/pages/history/
https://www.srki.ac.in/theme/default/assets/images/sulogo.png,,https://www.srki.ac.in/pages/history/
https://www.srki.ac.in/upload/slider/home3.jpg,,https://www.srki.ac.in/pages/history/
http://srki.ac.in/upload/image/instagram.png,,https://www.srki.ac.in/pages/history/
https://www.srki.ac.in/upload/image/you%20tube%20compress.jpg,,https://www.srki.ac.in/pages/history/
https://counter.websiteout.com/compte.php?S=https%3A%2F%2Fwww.srki.ac.in%2Fpages%2Fhistory%2F&C=4&D=5&N=4000&M=0&clt=1746289228&ca=,web hit counter,https://www.srki.ac.in/pages/history/
https://www.srki.ac.in/theme/default/assets/images/top.png,,https://www.srki.ac.in/pages/history/
https://www.srki.ac.in/theme/default/assets/images/load.gif,,https://www.srki.ac.in/pages/vision-mission-amp-values/
https://www.srki.ac.in/theme/default/assets/images/logo.png,,https://www.srki.ac.in/pages/vision-mission-amp-values/
https://www.srki.ac.in/theme/default/assets/images/sulogo.png,,https://www.srki.ac.in/pages/vision-mission-amp-values/
http://srki.ac.in/upload/image/instagram.png,,https://www.srki.ac.in/pages/vision-mission-amp-values/
https://www.srki.ac.in/upload/image/you%20tube%20compress.jpg,,https://www.srki.ac.in/pages/vision-mission-amp-values/
https://counter.websiteout.com/compte.php?S=https%3A%2F%2Fwww.srki.ac.in%2Fpages%2Fvision-mission-amp-values%2F&C=4&D=5&N=4000&M=0&clt=1746289228&ca=,web hit counter,https://www.srki.ac.in/pages/vision-mission-amp-values/
https://www.srki.ac.in/theme/default/assets/images/top.png,,https://www.srki.ac.in/pages/vision-mission-amp-values/
https://www.srki.ac.in/theme/default/assets/images/load.gif,,https://www.srki.ac.in/pages/chairman-s-message/
https://www.srki.ac.in/theme/default/assets/images/logo.png,,https://www.srki.ac.in/pages/chairman-s-message/
https://www.srki.ac.in/theme/default/assets/images/sulogo.png,,https://www.srki.ac.in/pages/chairman-s-message/
https://www.srki.ac.in/upload/pages/b.v.shah.jpg,,https://www.srki.ac.in/pages/chairman-s-message/
http://srki.ac.in/upload/image/instagram.png,,https://www.srki.ac.in/pages/chairman-s-message/
https://www.srki.ac.in/upload/image/you%20tube%20compress.jpg,,https://www.srki.ac.in/pages/chairman-s-message/
https://counter.websiteout.com/compte.php?S=https%3A%2F%2Fwww.srki.ac.in%2Fpages%2Fchairman-s-message%2F&C=4&D=5&N=4000&M=0&clt=1746289228&ca=,web hit counter,https://www.srki.ac.in/pages/chairman-s-message/
https://www.srki.ac.in/theme/default/assets/images/top.png,,https://www.srki.ac.in/pages/chairman-s-message/
https://www.srki.ac.in/theme/default/assets/images/load.gif,,https://www.srki.ac.in/pages/principal-s-message/
https://www.srki.ac.in/theme/default/assets/images/logo.png,,https://www.srki.ac.in/pages/principal-s-message/
https://www.srki.ac.in/theme/default/assets/images/sulogo.png,,https://www.srki.ac.in/pages/principal-s-message/
https://www.srki.ac.in/upload/pages/principal.jpg,,https://www.srki.ac.in/pages/principal-s-message/
http://srki.ac.in/upload/image/instagram.png,,https://www.srki.ac.in/pages/principal-s-message/
https://www.srki.ac.in/upload/image/you%20tube%20compress.jpg,,https://www.srki.ac.in/pages/principal-s-message/
https://counter.websiteout.com/compte.php?S=https%3A%2F%2Fwww.srki.ac.in%2Fpages%2Fprincipal-s-message%2F&C=4&D=5&N=4000&M=0&clt=1746289228&ca=,web hit counter,https://www.srki.ac.in/pages/principal-s-message/
https://www.srki.ac.in/theme/default/assets/images/top.png,,https://www.srki.ac.in/pages/principal-s-message/
https://www.srki.ac.in/theme/default/assets/images/load.gif,,https://www.srki.ac.in/pages/working-committee/
https://www.srki.ac.in/theme/default/assets/images/logo.png,,https://www.srki.ac.in/pages/working-committee/
https://www.srki.ac.in/theme/default/assets/images/sulogo.png,,https://www.srki.ac.in/pages/working-committee/
http://srki.ac.in/upload/image/instagram.png,,https://www.srki.ac.in/pages/working-committee/
https://www.srki.ac.in/upload/image/you%20tube%20compress.jpg,,https://www.srki.ac.in/pages/working-committee/
https://counter.websiteout.com/compte.php?S=https%3A%2F%2Fwww.srki.ac.in%2Fpages%2Fworking-committee%2F&C=4&D=5&N=4000&M=0&clt=1746289228&ca=,web hit counter,https://www.srki.ac.in/pages/working-committee/
https://www.srki.ac.in/theme/default/assets/images/top.png,,https://www.srki.ac.in/pages/working-committee/
https://www.srki.ac.in/theme/default/assets/images/load.gif,,https://www.srki.ac.in/pages/donors/
https://www.srki.ac.in/theme/default/assets/images/logo.png,,https://www.srki.ac.in/pages/donors/
https://www.srki.ac.in/theme/default/assets/images/sulogo.png,,https://www.srki.ac.in/pages/donors/
http://srki.ac.in/upload/image/instagram.png,,https://www.srki.ac.in/pages/donors/
https://www.srki.ac.in/upload/image/you%20tube%20compress.jpg,,https://www.srki.ac.in/pages/donors/
https://counter.websiteout.com/compte.php?S=https%3A%2F%2Fwww.srki.ac.in%2Fpages%2Fdonors%2F&C=4&D=5&N=4000&M=0&clt=1746289228&ca=,web hit counter,https://www.srki.ac.in/pages/donors/
https://www.srki.ac.in/theme/default/assets/images/top.png,,https://www.srki.ac.in/pages/donors/
https://www.srki.ac.in/theme/default/assets/images/load.gif,,https://www.srki.ac.in/pages/principals/
https://www.srki.ac.in/theme/default/assets/images/logo.png,,https://www.srki.ac.in/pages/principals/
https://www.srki.ac.in/theme/default/assets/images/sulogo.png,,https://www.srki.ac.in/pages/principals/
http://srki.ac.in/upload/image/instagram.png,,https://www.srki.ac.in/pages/principals/
https://www.srki.ac.in/upload/image/you%20tube%20compress.jpg,,https://www.srki.ac.in/pages/principals/
https://counter.websiteout.com/compte.php?S=https%3A%2F%2Fwww.srki.ac.in%2Fpages%2Fprincipals%2F&C=4&D=5&N=4000&M=0&clt=1746289228&ca=,web hit counter,https://www.srki.ac.in/pages/principals/
https://www.srki.ac.in/theme/default/assets/images/top.png,,https://www.srki.ac.in/pages/principals/
https://www.srki.ac.in/theme/default/assets/images/logo.png,,https://www.srki.ac.in/award/
https://www.srki.ac.in/theme/default/assets/images/sulogo.png,,https://www.srki.ac.in/award/
https://www.srki.ac.in/upload/award/gsirf-2022.jpg,GSIRF-2022,https://www.srki.ac.in/award/
https://www.srki.ac.in/upload/award/.jpg,GSIRF-2021,https://www.srki.ac.in/award/
https://www.srki.ac.in/upload/award/basic-of-remote-sensing-of-gegrophical-information-system-and-globle-navigation-satellite-system.jpg,Basic of Remote Sensing of Gegrophical Information System and Globle Navigation Satellite System,https://www.srki.ac.in/award/
https://www.srki.ac.in/upload/award/datri-blood-stem-cell-donors-egistery.jpg,Datri Blood Stem Cell Donors egistery,https://www.srki.ac.in/award/
https://www.srki.ac.in/upload/award/swachcha-surveykshan-2017.jpg,swachcha Surveykshan 2017,https://www.srki.ac.in/award/
https://www.srki.ac.in/upload/award/in-appreciation-of-medical-seminar.jpg,In Appreciation of Medical Seminar,https://www.srki.ac.in/award/
https://www.srki.ac.in/upload/award/indian-red-cross-society.jpg,Indian Red Cross Society,https://www.srki.ac.in/award/
https://www.srki.ac.in/upload/award/2.jpg,World Humanitarian Summit Rio+23 Programme,https://www.srki.ac.in/award/
https://www.srki.ac.in/upload/award/db-mania-winner.jpg,DB Mania Winner,https://www.srki.ac.in/award/
https://www.srki.ac.in/upload/award/green-gene.jpg,Green Gene,https://www.srki.ac.in/award/
https://www.srki.ac.in/upload/award/surat-raktadan-kendra-amp-research-center.jpg,Surat Raktadan Kendra & Research Center,https://www.srki.ac.in/award/
http://srki.ac.in/upload/image/instagram.png,,https://www.srki.ac.in/award/
https://www.srki.ac.in/upload/image/you%20tube%20compress.jpg,,https://www.srki.ac.in/award/
https://counter.websiteout.com/compte.php?S=https%3A%2F%2Fwww.srki.ac.in%2Faward%2F&C=4&D=5&N=4000&M=0&clt=1746289228&ca=,web hit counter,https://www.srki.ac.in/award/
https://www.srki.ac.in/theme/default/assets/images/top.png,,https://www.srki.ac.in/award/
https://www.srki.ac.in/theme/default/assets/images/load.gif,,https://www.srki.ac.in/pages/aishe/
https://www.srki.ac.in/theme/default/assets/images/logo.png,,https://www.srki.ac.in/pages/aishe/
https://www.srki.ac.in/theme/default/assets/images/sulogo.png,,https://www.srki.ac.in/pages/aishe/
http://srki.ac.in/upload/image/instagram.png,,https://www.srki.ac.in/pages/aishe/
https://www.srki.ac.in/upload/image/you%20tube%20compress.jpg,,https://www.srki.ac.in/pages/aishe/
https://counter.websiteout.com/compte.php?S=https%3A%2F%2Fwww.srki.ac.in%2Fpages%2Faishe%2F&C=4&D=5&N=4000&M=0&clt=1746289228&ca=,web hit counter,https://www.srki.ac.in/pages/aishe/
https://www.srki.ac.in/theme/default/assets/images/top.png,,https://www.srki.ac.in/pages/aishe/
https://www.srki.ac.in/theme/default/assets/images/logo.png,,https://www.srki.ac.in/pages/su-syllabus/
https://www.srki.ac.in/theme/default/assets/images/sulogo.png,,https://www.srki.ac.in/pages/su-syllabus/
http://srki.ac.in/upload/image/instagram.png,,https://www.srki.ac.in/pages/su-syllabus/
https://www.srki.ac.in/upload/image/you%20tube%20compress.jpg,,https://www.srki.ac.in/pages/su-syllabus/
https://counter.websiteout.com/compte.php?S=https%3A%2F%2Fwww.srki.ac.in%2Fpages%2Fsu-syllabus%2F&C=4&D=5&N=4000&M=0&clt=1746289228&ca=,web hit counter,https://www.srki.ac.in/pages/su-syllabus/
https://www.srki.ac.in/theme/default/assets/images/top.png,,https://www.srki.ac.in/pages/su-syllabus/
https://www.srki.ac.in/theme/default/assets/images/load.gif,,https://www.srki.ac.in/pages/courses-offered/
https://www.srki.ac.in/theme/default/assets/images/logo.png,,https://www.srki.ac.in/pages/courses-offered/
https://www.srki.ac.in/theme/default/assets/images/sulogo.png,,https://www.srki.ac.in/pages/courses-offered/
http://srki.ac.in/upload/image/instagram.png,,https://www.srki.ac.in/pages/courses-offered/
https://www.srki.ac.in/upload/image/you%20tube%20compress.jpg,,https://www.srki.ac.in/pages/courses-offered/
https://counter.websiteout.com/compte.php?S=https%3A%2F%2Fwww.srki.ac.in%2Fpages%2Fcourses-offered%2F&C=4&D=5&N=4000&M=0&clt=1746289228&ca=,web hit counter,https://www.srki.ac.in/pages/courses-offered/
https://www.srki.ac.in/theme/default/assets/images/top.png,,https://www.srki.ac.in/pages/courses-offered/
https://www.srki.ac.in/theme/default/assets/images/logo.png,,https://www.srki.ac.in/pages/fees-structure/
https://www.srki.ac.in/theme/default/assets/images/sulogo.png,,https://www.srki.ac.in/pages/fees-structure/
http://srki.ac.in/upload/image/instagram.png,,https://www.srki.ac.in/pages/fees-structure/
https://www.srki.ac.in/upload/image/you%20tube%20compress.jpg,,https://www.srki.ac.in/pages/fees-structure/
https://counter.websiteout.com/compte.php?S=https%3A%2F%2Fwww.srki.ac.in%2Fpages%2Ffees-structure%2F&C=4&D=5&N=4000&M=0&clt=1746289228&ca=,web hit counter,https://www.srki.ac.in/pages/fees-structure/
https://www.srki.ac.in/theme/default/assets/images/top.png,,https://www.srki.ac.in/pages/fees-structure/
https://www.srki.ac.in/theme/default/assets/images/logo.png,,https://www.srki.ac.in/pages/accrediation/
https://www.srki.ac.in/theme/default/assets/images/sulogo.png,,https://www.srki.ac.in/pages/accrediation/
http://srki.ac.in/upload/image/instagram.png,,https://www.srki.ac.in/pages/accrediation/
https://www.srki.ac.in/upload/image/you%20tube%20compress.jpg,,https://www.srki.ac.in/pages/accrediation/
https://counter.websiteout.com/compte.php?S=https%3A%2F%2Fwww.srki.ac.in%2Fpages%2Faccrediation%2F&C=4&D=5&N=4000&M=0&clt=1746289228&ca=,web hit counter,https://www.srki.ac.in/pages/accrediation/
https://www.srki.ac.in/theme/default/assets/images/top.png,,https://www.srki.ac.in/pages/accrediation/
https://www.srki.ac.in/theme/default/assets/images/load.gif,,https://www.srki.ac.in/pages/aqar-report/
https://www.srki.ac.in/theme/default/assets/images/logo.png,,https://www.srki.ac.in/pages/aqar-report/
https://www.srki.ac.in/theme/default/assets/images/sulogo.png,,https://www.srki.ac.in/pages/aqar-report/
http://srki.ac.in/upload/image/instagram.png,,https://www.srki.ac.in/pages/aqar-report/
https://www.srki.ac.in/upload/image/you%20tube%20compress.jpg,,https://www.srki.ac.in/pages/aqar-report/
https://counter.websiteout.com/compte.php?S=https%3A%2F%2Fwww.srki.ac.in%2Fpages%2Faqar-report%2F&C=4&D=5&N=4000&M=0&clt=1746289228&ca=,web hit counter,https://www.srki.ac.in/pages/aqar-report/
https://www.srki.ac.in/theme/default/assets/images/top.png,,https://www.srki.ac.in/pages/aqar-report/
https://www.srki.ac.in/theme/default/assets/images/load.gif,,https://www.srki.ac.in/pages/iqac-committee/
https://www.srki.ac.in/theme/default/assets/images/logo.png,,https://www.srki.ac.in/pages/iqac-committee/
https://www.srki.ac.in/theme/default/assets/images/sulogo.png,,https://www.srki.ac.in/pages/iqac-committee/
http://srki.ac.in/upload/image/instagram.png,,https://www.srki.ac.in/pages/iqac-committee/
https://www.srki.ac.in/upload/image/you%20tube%20compress.jpg,,https://www.srki.ac.in/pages/iqac-committee/
https://counter.websiteout.com/compte.php?S=https%3A%2F%2Fwww.srki.ac.in%2Fpages%2Fiqac-committee%2F&C=4&D=5&N=4000&M=0&clt=1746289228&ca=,web hit counter,https://www.srki.ac.in/pages/iqac-committee/
https://www.srki.ac.in/theme/default/assets/images/top.png,,https://www.srki.ac.in/pages/iqac-committee/
https://www.srki.ac.in/theme/default/assets/images/load.gif,,https://www.srki.ac.in/pages/ugc-notification/
https://www.srki.ac.in/theme/default/assets/images/logo.png,,https://www.srki.ac.in/pages/ugc-notification/
https://www.srki.ac.in/theme/default/assets/images/sulogo.png,,https://www.srki.ac.in/pages/ugc-notification/
http://srki.ac.in/upload/image/instagram.png,,https://www.srki.ac.in/pages/ugc-notification/
https://www.srki.ac.in/upload/image/you%20tube%20compress.jpg,,https://www.srki.ac.in/pages/ugc-notification/
https://counter.websiteout.com/compte.php?S=https%3A%2F%2Fwww.srki.ac.in%2Fpages%2Fugc-notification%2F&C=4&D=5&N=4000&M=0&clt=1746289228&ca=,web hit counter,https://www.srki.ac.in/pages/ugc-notification/
https://www.srki.ac.in/theme/default/assets/images/top.png,,https://www.srki.ac.in/pages/ugc-notification/
https://www.srki.ac.in/theme/default/assets/images/load.gif,,https://www.srki.ac.in/department/computer-science/
https://www.srki.ac.in/theme/default/assets/images/logo.png,,https://www.srki.ac.in/department/computer-science/
https://www.srki.ac.in/theme/default/assets/images/sulogo.png,,https://www.srki.ac.in/department/computer-science/
https://www.srki.ac.in//upload/department/mr-jayesh-arvindlal-pushtiwala.jpg,,https://www.srki.ac.in/department/computer-science/
https://www.srki.ac.in/upload/employee/mrs-priti-patel.jpg,,https://www.srki.ac.in/department/computer-science/
https://www.srki.ac.in/upload/employee/mr-shripal-shah.jpg,,https://www.srki.ac.in/department/computer-science/
https://www.srki.ac.in/upload/employee/dr-charmy-patel.jpg,,https://www.srki.ac.in/department/computer-science/
https://www.srki.ac.in/upload/employee/mrs-rupal-snehkunj.jpg,,https://www.srki.ac.in/department/computer-science/
https://www.srki.ac.in/upload/employee/mrs-nidhi-vaniyawala.jpg,,https://www.srki.ac.in/department/computer-science/
https://www.srki.ac.in/upload/employee/mrs-shweta-bhatia.jpg,,https://www.srki.ac.in/department/computer-science/
https://www.srki.ac.in/upload/employee/mrs-yesha-mehta.jpg,,https://www.srki.ac.in/department/computer-science/
https://www.srki.ac.in/upload/employee/mr-vipul-upadhyay.jpg,,https://www.srki.ac.in/department/computer-science/
https://www.srki.ac.in/upload/employee/miss-priyanka-patel.jpg,,https://www.srki.ac.in/department/computer-science/
https://www.srki.ac.in/upload/employee/ms-shagufta-shahjahan-khan.png,,https://www.srki.ac.in/department/computer-science/
https://www.srki.ac.in/upload/employee/ms-darshana-v-halatwala.jpg,,https://www.srki.ac.in/department/computer-science/
https://www.srki.ac.in/upload/employee/ms-meghavi-b-dave.jpg,,https://www.srki.ac.in/department/computer-science/
https://www.srki.ac.in/upload/employee/ms-lavleena-s-stephens.jpg,,https://www.srki.ac.in/department/computer-science/
https://www.srki.ac.in/upload/employee/mrs-shruti-sanket-revdiwala.jpg,,https://www.srki.ac.in/department/computer-science/
https://www.srki.ac.in/upload/employee/ms-nirali-pravvinbhai-varu.jpg,,https://www.srki.ac.in/department/computer-science/
https://www.srki.ac.in/upload/employee/ms-shivani-shaileshbhai-kania.JPG,,https://www.srki.ac.in/department/computer-science/
https://www.srki.ac.in/upload/employee/mr-nayan-sureshbhai-jadav.png,,https://www.srki.ac.in/department/computer-science/
https://www.srki.ac.in/upload/employee/mr-ashesh-vasantbhai-bundela.png,,https://www.srki.ac.in/department/computer-science/
http://srki.ac.in/upload/image/instagram.png,,https://www.srki.ac.in/department/computer-science/
https://www.srki.ac.in/upload/image/you%20tube%20compress.jpg,,https://www.srki.ac.in/department/computer-science/
https://counter.websiteout.com/compte.php?S=https%3A%2F%2Fwww.srki.ac.in%2Fdepartment%2Fcomputer-science%2F&C=4&D=5&N=4000&M=0&clt=1746289228&ca=,web hit counter,https://www.srki.ac.in/department/computer-science/
https://www.srki.ac.in/theme/default/assets/images/top.png,,https://www.srki.ac.in/department/computer-science/
https://www.srki.ac.in/theme/default/assets/images/load.gif,,https://www.srki.ac.in/department/microbiology/
https://www.srki.ac.in/theme/default/assets/images/logo.png,,https://www.srki.ac.in/department/microbiology/
https://www.srki.ac.in/theme/default/assets/images/sulogo.png,,https://www.srki.ac.in/department/microbiology/
https://www.srki.ac.in//upload/department/dr-sanjay-navnitlal-parekh.jpg,,https://www.srki.ac.in/department/microbiology/
https://www.srki.ac.in/upload/employee/mrs-anjana-ghelani.jpg,,https://www.srki.ac.in/department/microbiology/
https://www.srki.ac.in/upload/employee/dr-binita-desai.jpg,,https://www.srki.ac.in/department/microbiology/
https://www.srki.ac.in/upload/employee/dr-manisha-shah.jpg,,https://www.srki.ac.in/department/microbiology/
https://www.srki.ac.in/upload/employee/dr-smita-dhanjibhai-rajani.jpg,,https://www.srki.ac.in/department/microbiology/
https://www.srki.ac.in/upload/employee/dr-ruby-jalgaonwala.jpg,,https://www.srki.ac.in/department/microbiology/
https://www.srki.ac.in/upload/employee/drnaresh-butani.jpg,,https://www.srki.ac.in/department/microbiology/
https://www.srki.ac.in/upload/employee/dr-helina-subodh-patel.jpg,,https://www.srki.ac.in/department/microbiology/
https://www.srki.ac.in/upload/employee/ms-shefali-desai.jpg,,https://www.srki.ac.in/department/microbiology/
https://www.srki.ac.in/upload/employee/ms-mittal-patel.jpg,,https://www.srki.ac.in/department/microbiology/
https://www.srki.ac.in/upload/employee/ms-krupaben-kirteshkumar-patel.jpeg,,https://www.srki.ac.in/department/microbiology/
https://www.srki.ac.in/upload/employee/mr-ashok-bhanabhai-patel.png,,https://www.srki.ac.in/department/microbiology/
https://www.srki.ac.in/upload/employee/mr-kamlesh-shankarbhai-vasava.png,,https://www.srki.ac.in/department/microbiology/
http://www.srki.ac.in/upload/image/bioreactor-1-150x150.jpg,,https://www.srki.ac.in/department/microbiology/
http://www.srki.ac.in/upload/image/hplc_new-150x150.jpg,,https://www.srki.ac.in/department/microbiology/
http://www.srki.ac.in/upload/image/microplate-spectrophotometer1-150x150.jpg,,https://www.srki.ac.in/department/microbiology/
http://www.srki.ac.in/upload/image/digital-flame-photometer-1-150x150.jpg,,https://www.srki.ac.in/department/microbiology/
http://www.srki.ac.in/upload/image/fluorescens-microscope1-1-150x150.jpg,,https://www.srki.ac.in/department/microbiology/
http://www.srki.ac.in/upload/image/dual-beam-uv-vis-spectrophotometer1-1-150x150.jpg,,https://www.srki.ac.in/department/microbiology/
http://www.srki.ac.in/upload/image/gel-imaging-system-150x150.jpg,,https://www.srki.ac.in/department/microbiology/
http://www.srki.ac.in/upload/image/millipore-150x150.jpg,,https://www.srki.ac.in/department/microbiology/
http://www.srki.ac.in/upload/image/cooling-micro-centrifuge-150x150_1.jpg,,https://www.srki.ac.in/department/microbiology/
http://www.srki.ac.in/upload/image/co2-incubator-1-150x150.jpg,,https://www.srki.ac.in/department/microbiology/
http://www.srki.ac.in/upload/image/biorad-150x150.jpg,,https://www.srki.ac.in/department/microbiology/
http://www.srki.ac.in/upload/image/midi-horizontal-dna-electrophoresis-150x150.jpg,,https://www.srki.ac.in/department/microbiology/
http://www.srki.ac.in/upload/image/dual-beam-uv-vis-spectrophotometer1-1-150x150.jpg,,https://www.srki.ac.in/department/microbiology/
http://www.srki.ac.in/upload/image/biorad-150x150.jpg,,https://www.srki.ac.in/department/microbiology/
http://srki.ac.in/upload/image/instagram.png,,https://www.srki.ac.in/department/microbiology/
https://www.srki.ac.in/upload/image/you%20tube%20compress.jpg,,https://www.srki.ac.in/department/microbiology/
https://counter.websiteout.com/compte.php?S=https%3A%2F%2Fwww.srki.ac.in%2Fdepartment%2Fmicrobiology%2F&C=4&D=5&N=4000&M=0&clt=1746289228&ca=,web hit counter,https://www.srki.ac.in/department/microbiology/
https://www.srki.ac.in/theme/default/assets/images/top.png,,https://www.srki.ac.in/department/microbiology/
https://www.srki.ac.in/theme/default/assets/images/load.gif,,https://www.srki.ac.in/department/biotechnology/
https://www.srki.ac.in/theme/default/assets/images/logo.png,,https://www.srki.ac.in/department/biotechnology/
https://www.srki.ac.in/theme/default/assets/images/sulogo.png,,https://www.srki.ac.in/department/biotechnology/
https://www.srki.ac.in//upload/department/mrjay-babulal-bergi.jpg,,https://www.srki.ac.in/department/biotechnology/
https://www.srki.ac.in/upload/employee/dr-nehal-shah.jpg,,https://www.srki.ac.in/department/biotechnology/
https://www.srki.ac.in/upload/employee/ms-datasha-kantharia.jpg,,https://www.srki.ac.in/department/biotechnology/
https://www.srki.ac.in/upload/employee/dr-darshan-marjadi.jpg,,https://www.srki.ac.in/department/biotechnology/
https://www.srki.ac.in/upload/employee/dr-deepesh-bhatt.jpg,,https://www.srki.ac.in/department/biotechnology/
https://www.srki.ac.in/upload/employee/ms-reena-desai.jpg,,https://www.srki.ac.in/department/biotechnology/
https://www.srki.ac.in/upload/employee/ms-trupti-desai.jpg,,https://www.srki.ac.in/department/biotechnology/
https://www.srki.ac.in/upload/employee/mr-sagar-sukharam-more.png,,https://www.srki.ac.in/department/biotechnology/
https://www.srki.ac.in/upload/employee/mr-viral-chandrakantbhai-patel.png,,https://www.srki.ac.in/department/biotechnology/
http://srki.ac.in/upload/image/instagram.png,,https://www.srki.ac.in/department/biotechnology/
https://www.srki.ac.in/upload/image/you%20tube%20compress.jpg,,https://www.srki.ac.in/department/biotechnology/
https://counter.websiteout.com/compte.php?S=https%3A%2F%2Fwww.srki.ac.in%2Fdepartment%2Fbiotechnology%2F&C=4&D=5&N=4000&M=0&clt=1746289228&ca=,web hit counter,https://www.srki.ac.in/department/biotechnology/
https://www.srki.ac.in/theme/default/assets/images/top.png,,https://www.srki.ac.in/department/biotechnology/
https://www.srki.ac.in/theme/default/assets/images/load.gif,,https://www.srki.ac.in/department/environmental-science/
https://www.srki.ac.in/theme/default/assets/images/logo.png,,https://www.srki.ac.in/department/environmental-science/
https://www.srki.ac.in/theme/default/assets/images/sulogo.png,,https://www.srki.ac.in/department/environmental-science/
https://www.srki.ac.in//upload/department/dr-ratna-trivedi.jpg,,https://www.srki.ac.in/department/environmental-science/
https://www.srki.ac.in/upload/employee/bhavin-sudhirkumar-bhatt.jpg,,https://www.srki.ac.in/department/environmental-science/
https://www.srki.ac.in/upload/employee/pratik-anthony-patel.jpg,,https://www.srki.ac.in/department/environmental-science/
https://www.srki.ac.in/upload/employee/mrs-sejal-vikas-upadhyay.JPG,,https://www.srki.ac.in/department/environmental-science/
https://www.srki.ac.in/upload/employee/ms-riya-tushar-desai.jpg,,https://www.srki.ac.in/department/environmental-science/
https://www.srki.ac.in/upload/employee/dr-namrata-deepam-jain.png,,https://www.srki.ac.in/department/environmental-science/
https://www.srki.ac.in/upload/employee/mr-kamlesh-dulbhaji-more.png,,https://www.srki.ac.in/department/environmental-science/
https://www.srki.ac.in/upload/employee/mr-nilesh-manharbhai-rathod.png,,https://www.srki.ac.in/department/environmental-science/
http://srki.ac.in/upload/image/instagram.png,,https://www.srki.ac.in/department/environmental-science/
https://www.srki.ac.in/upload/image/you%20tube%20compress.jpg,,https://www.srki.ac.in/department/environmental-science/
https://counter.websiteout.com/compte.php?S=https%3A%2F%2Fwww.srki.ac.in%2Fdepartment%2Fenvironmental-science%2F&C=4&D=5&N=4000&M=0&clt=1746289228&ca=,web hit counter,https://www.srki.ac.in/department/environmental-science/
https://www.srki.ac.in/theme/default/assets/images/top.png,,https://www.srki.ac.in/department/environmental-science/
https://www.srki.ac.in/theme/default/assets/images/load.gif,,https://www.srki.ac.in/department/allied/
https://www.srki.ac.in/theme/default/assets/images/logo.png,,https://www.srki.ac.in/department/allied/
https://www.srki.ac.in/theme/default/assets/images/sulogo.png,,https://www.srki.ac.in/department/allied/
https://www.srki.ac.in//upload/department/dr-chaulami-n-desai.jpeg,,https://www.srki.ac.in/department/allied/
https://www.srki.ac.in/upload/employee/dr-minal-n-vasia.jpg,,https://www.srki.ac.in/department/allied/
https://www.srki.ac.in/upload/employee/dr-babita-kar-dutta-.jpg,,https://www.srki.ac.in/department/allied/
https://www.srki.ac.in/upload/employee/dr-nishith-nareshbhai-desai.jpeg,,https://www.srki.ac.in/department/allied/
https://www.srki.ac.in/upload/employee/mr-jagdish-hasmukhbhai-rathod.png,,https://www.srki.ac.in/department/allied/
http://srki.ac.in/upload/image/instagram.png,,https://www.srki.ac.in/department/allied/
https://www.srki.ac.in/upload/image/you%20tube%20compress.jpg,,https://www.srki.ac.in/department/allied/
https://counter.websiteout.com/compte.php?S=https%3A%2F%2Fwww.srki.ac.in%2Fdepartment%2Fallied%2F&C=4&D=5&N=4000&M=0&clt=1746289228&ca=,web hit counter,https://www.srki.ac.in/department/allied/
https://www.srki.ac.in/theme/default/assets/images/top.png,,https://www.srki.ac.in/department/allied/
https://www.srki.ac.in/theme/default/assets/images/load.gif,,https://www.srki.ac.in/department/chemistry/
https://www.srki.ac.in/theme/default/assets/images/logo.png,,https://www.srki.ac.in/department/chemistry/
https://www.srki.ac.in/theme/default/assets/images/sulogo.png,,https://www.srki.ac.in/department/chemistry/
https://www.srki.ac.in//upload/department/dr-chaulami-n-desai.jpg,,https://www.srki.ac.in/department/chemistry/
https://www.srki.ac.in/upload/employee/dr-toral-desai.jpg,,https://www.srki.ac.in/department/chemistry/
https://www.srki.ac.in/upload/employee/dr-hemangi-hitesh-desai.jpg,,https://www.srki.ac.in/department/chemistry/
https://www.srki.ac.in/upload/employee/dr-pratibha-j-vora.jpg,,https://www.srki.ac.in/department/chemistry/
https://www.srki.ac.in/upload/employee/dr-sangita-g-sanadhya.jpg,,https://www.srki.ac.in/department/chemistry/
https://www.srki.ac.in/upload/employee/mrsapexa-desai.jpg,,https://www.srki.ac.in/department/chemistry/
http://srki.ac.in/upload/image/instagram.png,,https://www.srki.ac.in/department/chemistry/
https://www.srki.ac.in/upload/image/you%20tube%20compress.jpg,,https://www.srki.ac.in/department/chemistry/
https://counter.websiteout.com/compte.php?S=https%3A%2F%2Fwww.srki.ac.in%2Fdepartment%2Fchemistry%2F&C=4&D=5&N=4000&M=0&clt=1746289228&ca=,web hit counter,https://www.srki.ac.in/department/chemistry/
https://www.srki.ac.in/theme/default/assets/images/top.png,,https://www.srki.ac.in/department/chemistry/
https://www.srki.ac.in/theme/default/assets/images/load.gif,,https://www.srki.ac.in/department/admin/
https://www.srki.ac.in/theme/default/assets/images/logo.png,,https://www.srki.ac.in/department/admin/
https://www.srki.ac.in/theme/default/assets/images/sulogo.png,,https://www.srki.ac.in/department/admin/
https://www.srki.ac.in//upload/department/dr-chaulami-n-desai.jpg,,https://www.srki.ac.in/department/admin/
https://www.srki.ac.in/upload/employee/ms-deepa-bhupatrai-mehta.png,,https://www.srki.ac.in/department/admin/
https://www.srki.ac.in/upload/employee/mrvipul-navinchandra-limbachiya.png,,https://www.srki.ac.in/department/admin/
https://www.srki.ac.in/upload/employee/mr-tushar-arvindbhai-desai.png,,https://www.srki.ac.in/department/admin/
https://www.srki.ac.in/upload/employee/mrs-dipti-keyur-desai.png,,https://www.srki.ac.in/department/admin/
https://www.srki.ac.in/upload/employee/mr-ankit-shankar-mahadik.png,,https://www.srki.ac.in/department/admin/
https://www.srki.ac.in/upload/employee/mrs-kinjal-tejas-desai.jpeg,,https://www.srki.ac.in/department/admin/
https://www.srki.ac.in/upload/employee/ms-vanshita-dipakkumar-bodawala.jpeg,,https://www.srki.ac.in/department/admin/
https://www.srki.ac.in/upload/employee/ms-ritika-prashantbhai-ruwala.jpeg,,https://www.srki.ac.in/department/admin/
https://www.srki.ac.in/upload/employee/mr-jatin-parbhbhai-kahar.jpeg,,https://www.srki.ac.in/department/admin/
https://www.srki.ac.in/upload/employee/mr-satishbhai-lalabhai-patel.png,,https://www.srki.ac.in/department/admin/
https://www.srki.ac.in/upload/employee/mr-hemant-sukkarbhai-rathod.png,,https://www.srki.ac.in/department/admin/
http://srki.ac.in/upload/image/instagram.png,,https://www.srki.ac.in/department/admin/
https://www.srki.ac.in/upload/image/you%20tube%20compress.jpg,,https://www.srki.ac.in/department/admin/
https://counter.websiteout.com/compte.php?S=https%3A%2F%2Fwww.srki.ac.in%2Fdepartment%2Fadmin%2F&C=4&D=5&N=4000&M=0&clt=1746289228&ca=,web hit counter,https://www.srki.ac.in/department/admin/
https://www.srki.ac.in/theme/default/assets/images/top.png,,https://www.srki.ac.in/department/admin/
https://www.srki.ac.in/theme/default/assets/images/load.gif,,https://www.srki.ac.in/department/library/
https://www.srki.ac.in/theme/default/assets/images/logo.png,,https://www.srki.ac.in/department/library/
https://www.srki.ac.in/theme/default/assets/images/sulogo.png,,https://www.srki.ac.in/department/library/
https://www.srki.ac.in//upload/department/dr-chaulami-n-desai.jpg,,https://www.srki.ac.in/department/library/
https://www.srki.ac.in/upload/employee/ms-dipali-tusharbhai-patel.png,,https://www.srki.ac.in/department/library/
https://www.srki.ac.in/upload/employee/mr-sanjay-khandubhai-more.png,,https://www.srki.ac.in/department/library/
http://srki.ac.in/upload/image/instagram.png,,https://www.srki.ac.in/department/library/
https://www.srki.ac.in/upload/image/you%20tube%20compress.jpg,,https://www.srki.ac.in/department/library/
https://counter.websiteout.com/compte.php?S=https%3A%2F%2Fwww.srki.ac.in%2Fdepartment%2Flibrary%2F&C=4&D=5&N=4000&M=0&clt=1746289228&ca=,web hit counter,https://www.srki.ac.in/department/library/
https://www.srki.ac.in/theme/default/assets/images/top.png,,https://www.srki.ac.in/department/library/
https://www.srki.ac.in/theme/default/assets/images/load.gif,,https://www.srki.ac.in/pages/ncc-office/
https://www.srki.ac.in/theme/default/assets/images/logo.png,,https://www.srki.ac.in/pages/ncc-office/
https://www.srki.ac.in/theme/default/assets/images/sulogo.png,,https://www.srki.ac.in/pages/ncc-office/
https://www.srki.ac.in/upload/gallery/ncc1.jpeg,NCC1,https://www.srki.ac.in/pages/ncc-office/
https://www.srki.ac.in/upload/gallery/ncc2.jpeg,NCC2,https://www.srki.ac.in/pages/ncc-office/
https://www.srki.ac.in/upload/gallery/ncc3.jpeg,NCC3,https://www.srki.ac.in/pages/ncc-office/
http://srki.ac.in/upload/image/instagram.png,,https://www.srki.ac.in/pages/ncc-office/
https://www.srki.ac.in/upload/image/you%20tube%20compress.jpg,,https://www.srki.ac.in/pages/ncc-office/
https://counter.websiteout.com/compte.php?S=https%3A%2F%2Fwww.srki.ac.in%2Fpages%2Fncc-office%2F&C=4&D=5&N=4000&M=0&clt=1746289228&ca=,web hit counter,https://www.srki.ac.in/pages/ncc-office/
https://www.srki.ac.in/theme/default/assets/images/top.png,,https://www.srki.ac.in/pages/ncc-office/
https://www.srki.ac.in/theme/default/assets/images/load.gif,,https://www.srki.ac.in/pages/laboratory/
https://www.srki.ac.in/theme/default/assets/images/logo.png,,https://www.srki.ac.in/pages/laboratory/
https://www.srki.ac.in/theme/default/assets/images/sulogo.png,,https://www.srki.ac.in/pages/laboratory/
https://www.srki.ac.in/upload/gallery/lab4.JPG,lab4,https://www.srki.ac.in/pages/laboratory/
https://www.srki.ac.in/upload/gallery/lab10.JPG,lab10,https://www.srki.ac.in/pages/laboratory/
https://www.srki.ac.in/upload/gallery/lab2.JPG,lab2,https://www.srki.ac.in/pages/laboratory/
https://www.srki.ac.in/upload/gallery/lab5.JPG,lab5,https://www.srki.ac.in/pages/laboratory/
https://www.srki.ac.in/upload/gallery/lab6.JPG,lab6,https://www.srki.ac.in/pages/laboratory/
http://srki.ac.in/upload/image/instagram.png,,https://www.srki.ac.in/pages/laboratory/
https://www.srki.ac.in/upload/image/you%20tube%20compress.jpg,,https://www.srki.ac.in/pages/laboratory/
https://counter.websiteout.com/compte.php?S=https%3A%2F%2Fwww.srki.ac.in%2Fpages%2Flaboratory%2F&C=4&D=5&N=4000&M=0&clt=1746289228&ca=,web hit counter,https://www.srki.ac.in/pages/laboratory/
https://www.srki.ac.in/theme/default/assets/images/top.png,,https://www.srki.ac.in/pages/laboratory/
https://www.srki.ac.in/theme/default/assets/images/load.gif,,https://www.srki.ac.in/pages/library/
https://www.srki.ac.in/theme/default/assets/images/logo.png,,https://www.srki.ac.in/pages/library/
https://www.srki.ac.in/theme/default/assets/images/sulogo.png,,https://www.srki.ac.in/pages/library/
https://www.srki.ac.in/upload/gallery/lib1.jpg,lib1,https://www.srki.ac.in/pages/library/
https://www.srki.ac.in/upload/gallery/lib2.jpg,lib2,https://www.srki.ac.in/pages/library/
https://www.srki.ac.in/upload/gallery/lib3.jpg,lib3,https://www.srki.ac.in/pages/library/
https://www.srki.ac.in/upload/gallery/lib4.jpg,lib4,https://www.srki.ac.in/pages/library/
http://srki.ac.in/upload/image/instagram.png,,https://www.srki.ac.in/pages/library/
https://www.srki.ac.in/upload/image/you%20tube%20compress.jpg,,https://www.srki.ac.in/pages/library/
https://counter.websiteout.com/compte.php?S=https%3A%2F%2Fwww.srki.ac.in%2Fpages%2Flibrary%2F&C=4&D=5&N=4000&M=0&clt=1746289228&ca=,web hit counter,https://www.srki.ac.in/pages/library/
https://www.srki.ac.in/theme/default/assets/images/top.png,,https://www.srki.ac.in/pages/library/
https://www.srki.ac.in/theme/default/assets/images/load.gif,,https://www.srki.ac.in/pages/seminar-hall/
https://www.srki.ac.in/theme/default/assets/images/logo.png,,https://www.srki.ac.in/pages/seminar-hall/
https://www.srki.ac.in/theme/default/assets/images/sulogo.png,,https://www.srki.ac.in/pages/seminar-hall/
http://srki.ac.in/upload/image/instagram.png,,https://www.srki.ac.in/pages/seminar-hall/
https://www.srki.ac.in/upload/image/you%20tube%20compress.jpg,,https://www.srki.ac.in/pages/seminar-hall/
https://counter.websiteout.com/compte.php?S=https%3A%2F%2Fwww.srki.ac.in%2Fpages%2Fseminar-hall%2F&C=4&D=5&N=4000&M=0&clt=1746289228&ca=,web hit counter,https://www.srki.ac.in/pages/seminar-hall/
https://www.srki.ac.in/theme/default/assets/images/top.png,,https://www.srki.ac.in/pages/seminar-hall/
https://www.srki.ac.in/theme/default/assets/images/load.gif,,https://www.srki.ac.in/pages/playground/
https://www.srki.ac.in/theme/default/assets/images/logo.png,,https://www.srki.ac.in/pages/playground/
https://www.srki.ac.in/theme/default/assets/images/sulogo.png,,https://www.srki.ac.in/pages/playground/
https://www.srki.ac.in/upload/2021-22/img-20210821-wa0002.jpg,,https://www.srki.ac.in/pages/playground/
http://srki.ac.in/upload/image/instagram.png,,https://www.srki.ac.in/pages/playground/
https://www.srki.ac.in/upload/image/you%20tube%20compress.jpg,,https://www.srki.ac.in/pages/playground/
https://counter.websiteout.com/compte.php?S=https%3A%2F%2Fwww.srki.ac.in%2Fpages%2Fplayground%2F&C=4&D=5&N=4000&M=0&clt=1746289228&ca=,web hit counter,https://www.srki.ac.in/pages/playground/
https://www.srki.ac.in/theme/default/assets/images/top.png,,https://www.srki.ac.in/pages/playground/
https://www.srki.ac.in/theme/default/assets/images/load.gif,,https://www.srki.ac.in/pages/hostel/
https://www.srki.ac.in/theme/default/assets/images/logo.png,,https://www.srki.ac.in/pages/hostel/
https://www.srki.ac.in/theme/default/assets/images/sulogo.png,,https://www.srki.ac.in/pages/hostel/
https://www.srki.ac.in/upload/gallery/bh1.jpeg,bh1,https://www.srki.ac.in/pages/hostel/
https://www.srki.ac.in/upload/gallery/bh2.jpeg,bh2,https://www.srki.ac.in/pages/hostel/
https://www.srki.ac.in/upload/gallery/bh3.jpeg,bh3,https://www.srki.ac.in/pages/hostel/
https://www.srki.ac.in/upload/gallery/bh4.jpeg,bh4,https://www.srki.ac.in/pages/hostel/
https://www.srki.ac.in/upload/gallery/bh5.jpeg,bh5,https://www.srki.ac.in/pages/hostel/
https://www.srki.ac.in/upload/gallery/gh1.jpeg,gh1,https://www.srki.ac.in/pages/hostel/
https://www.srki.ac.in/upload/gallery/gh2.jpeg,gh2,https://www.srki.ac.in/pages/hostel/
https://www.srki.ac.in/upload/gallery/gh3.jpeg,gh3,https://www.srki.ac.in/pages/hostel/
https://www.srki.ac.in/upload/gallery/gh4.jpeg,gh4,https://www.srki.ac.in/pages/hostel/
https://www.srki.ac.in/upload/gallery/gh5.jpeg,gh5,https://www.srki.ac.in/pages/hostel/
https://www.srki.ac.in/upload/gallery/gh6.jpeg,gh6,https://www.srki.ac.in/pages/hostel/
https://www.srki.ac.in/upload/gallery/gh7.jpeg,gh7,https://www.srki.ac.in/pages/hostel/
http://srki.ac.in/upload/image/instagram.png,,https://www.srki.ac.in/pages/hostel/
https://www.srki.ac.in/upload/image/you%20tube%20compress.jpg,,https://www.srki.ac.in/pages/hostel/
https://counter.websiteout.com/compte.php?S=https%3A%2F%2Fwww.srki.ac.in%2Fpages%2Fhostel%2F&C=4&D=5&N=4000&M=0&clt=1746289228&ca=,web hit counter,https://www.srki.ac.in/pages/hostel/
https://www.srki.ac.in/theme/default/assets/images/top.png,,https://www.srki.ac.in/pages/hostel/
https://www.srki.ac.in/theme/default/assets/images/load.gif,,https://www.srki.ac.in/pages/canteen/
https://www.srki.ac.in/theme/default/assets/images/logo.png,,https://www.srki.ac.in/pages/canteen/
https://www.srki.ac.in/theme/default/assets/images/sulogo.png,,https://www.srki.ac.in/pages/canteen/
http://srki.ac.in/upload/image/instagram.png,,https://www.srki.ac.in/pages/canteen/
https://www.srki.ac.in/upload/image/you%20tube%20compress.jpg,,https://www.srki.ac.in/pages/canteen/
https://counter.websiteout.com/compte.php?S=https%3A%2F%2Fwww.srki.ac.in%2Fpages%2Fcanteen%2F&C=4&D=5&N=4000&M=0&clt=1746289228&ca=,web hit counter,https://www.srki.ac.in/pages/canteen/
https://www.srki.ac.in/theme/default/assets/images/top.png,,https://www.srki.ac.in/pages/canteen/
https://www.srki.ac.in/theme/default/assets/images/load.gif,,https://www.srki.ac.in/pages/sports/
https://www.srki.ac.in/theme/default/assets/images/logo.png,,https://www.srki.ac.in/pages/sports/
https://www.srki.ac.in/theme/default/assets/images/sulogo.png,,https://www.srki.ac.in/pages/sports/
http://srki.ac.in/upload/image/instagram.png,,https://www.srki.ac.in/pages/sports/
https://www.srki.ac.in/upload/image/you%20tube%20compress.jpg,,https://www.srki.ac.in/pages/sports/
https://counter.websiteout.com/compte.php?S=https%3A%2F%2Fwww.srki.ac.in%2Fpages%2Fsports%2F&C=4&D=5&N=4000&M=0&clt=1746289228&ca=,web hit counter,https://www.srki.ac.in/pages/sports/
https://www.srki.ac.in/theme/default/assets/images/top.png,,https://www.srki.ac.in/pages/sports/
https://www.srki.ac.in/theme/default/assets/images/logo.png,,https://www.srki.ac.in/pages/gender-sensitization-cell/
https://www.srki.ac.in/theme/default/assets/images/sulogo.png,,https://www.srki.ac.in/pages/gender-sensitization-cell/
http://srki.ac.in/upload/image/instagram.png,,https://www.srki.ac.in/pages/gender-sensitization-cell/
https://www.srki.ac.in/upload/image/you%20tube%20compress.jpg,,https://www.srki.ac.in/pages/gender-sensitization-cell/
https://counter.websiteout.com/compte.php?S=https%3A%2F%2Fwww.srki.ac.in%2Fpages%2Fgender-sensitization-cell%2F&C=4&D=5&N=4000&M=0&clt=1746289228&ca=,web hit counter,https://www.srki.ac.in/pages/gender-sensitization-cell/
https://www.srki.ac.in/theme/default/assets/images/top.png,,https://www.srki.ac.in/pages/gender-sensitization-cell/
https://www.srki.ac.in/theme/default/assets/images/load.gif,,https://www.srki.ac.in/pages/e-magazine/
https://www.srki.ac.in/theme/default/assets/images/logo.png,,https://www.srki.ac.in/pages/e-magazine/
https://www.srki.ac.in/theme/default/assets/images/sulogo.png,,https://www.srki.ac.in/pages/e-magazine/
http://srki.ac.in/upload/image/instagram.png,,https://www.srki.ac.in/pages/e-magazine/
https://www.srki.ac.in/upload/image/you%20tube%20compress.jpg,,https://www.srki.ac.in/pages/e-magazine/
https://counter.websiteout.com/compte.php?S=https%3A%2F%2Fwww.srki.ac.in%2Fpages%2Fe-magazine%2F&C=4&D=5&N=4000&M=0&clt=1746289228&ca=,web hit counter,https://www.srki.ac.in/pages/e-magazine/
https://www.srki.ac.in/theme/default/assets/images/top.png,,https://www.srki.ac.in/pages/e-magazine/
https://www.srki.ac.in/theme/default/assets/images/load.gif,,https://www.srki.ac.in/pages/scholarship-amp-free-ship/
https://www.srki.ac.in/theme/default/assets/images/logo.png,,https://www.srki.ac.in/pages/scholarship-amp-free-ship/
https://www.srki.ac.in/theme/default/assets/images/sulogo.png,,https://www.srki.ac.in/pages/scholarship-amp-free-ship/
http://srki.ac.in/upload/image/instagram.png,,https://www.srki.ac.in/pages/scholarship-amp-free-ship/
https://www.srki.ac.in/upload/image/you%20tube%20compress.jpg,,https://www.srki.ac.in/pages/scholarship-amp-free-ship/
https://counter.websiteout.com/compte.php?S=https%3A%2F%2Fwww.srki.ac.in%2Fpages%2Fscholarship-amp-free-ship%2F&C=4&D=5&N=4000&M=0&clt=1746289228&ca=,web hit counter,https://www.srki.ac.in/pages/scholarship-amp-free-ship/
https://www.srki.ac.in/theme/default/assets/images/top.png,,https://www.srki.ac.in/pages/scholarship-amp-free-ship/
https://www.srki.ac.in/theme/default/assets/images/logo.png,,https://www.srki.ac.in/pages/anti-ragging-committtee/
https://www.srki.ac.in/theme/default/assets/images/sulogo.png,,https://www.srki.ac.in/pages/anti-ragging-committtee/
https://www.srki.ac.in/upload/2024-25/Committees_Cells%20and%20Clubs_2024-25-2%20(1)_page-0001.jpg,Anti-Ragging,https://www.srki.ac.in/pages/anti-ragging-committtee/
http://srki.ac.in/upload/image/instagram.png,,https://www.srki.ac.in/pages/anti-ragging-committtee/
https://www.srki.ac.in/upload/image/you%20tube%20compress.jpg,,https://www.srki.ac.in/pages/anti-ragging-committtee/
https://counter.websiteout.com/compte.php?S=https%3A%2F%2Fwww.srki.ac.in%2Fpages%2Fanti-ragging-committtee%2F&C=4&D=5&N=4000&M=0&clt=1746289228&ca=,web hit counter,https://www.srki.ac.in/pages/anti-ragging-committtee/
https://www.srki.ac.in/theme/default/assets/images/top.png,,https://www.srki.ac.in/pages/anti-ragging-committtee/
https://www.srki.ac.in/theme/default/assets/images/load.gif,,https://www.srki.ac.in/pages/academic-calender/
https://www.srki.ac.in/theme/default/assets/images/logo.png,,https://www.srki.ac.in/pages/academic-calender/
https://www.srki.ac.in/theme/default/assets/images/sulogo.png,,https://www.srki.ac.in/pages/academic-calender/
http://srki.ac.in/upload/image/instagram.png,,https://www.srki.ac.in/pages/academic-calender/
https://www.srki.ac.in/upload/image/you%20tube%20compress.jpg,,https://www.srki.ac.in/pages/academic-calender/
https://counter.websiteout.com/compte.php?S=https%3A%2F%2Fwww.srki.ac.in%2Fpages%2Facademic-calender%2F&C=4&D=5&N=4000&M=0&clt=1746289228&ca=,web hit counter,https://www.srki.ac.in/pages/academic-calender/
https://www.srki.ac.in/theme/default/assets/images/top.png,,https://www.srki.ac.in/pages/academic-calender/
https://www.srki.ac.in/theme/default/assets/images/load.gif,,https://www.srki.ac.in/pages/code-of-conduct/
https://www.srki.ac.in/theme/default/assets/images/logo.png,,https://www.srki.ac.in/pages/code-of-conduct/
https://www.srki.ac.in/theme/default/assets/images/sulogo.png,,https://www.srki.ac.in/pages/code-of-conduct/
http://srki.ac.in/upload/image/instagram.png,,https://www.srki.ac.in/pages/code-of-conduct/
https://www.srki.ac.in/upload/image/you%20tube%20compress.jpg,,https://www.srki.ac.in/pages/code-of-conduct/
https://counter.websiteout.com/compte.php?S=https%3A%2F%2Fwww.srki.ac.in%2Fpages%2Fcode-of-conduct%2F&C=4&D=5&N=4000&M=0&clt=1746289228&ca=,web hit counter,https://www.srki.ac.in/pages/code-of-conduct/
https://www.srki.ac.in/theme/default/assets/images/top.png,,https://www.srki.ac.in/pages/code-of-conduct/
https://www.srki.ac.in/theme/default/assets/images/load.gif,,https://www.srki.ac.in/pages/form/
https://www.srki.ac.in/theme/default/assets/images/logo.png,,https://www.srki.ac.in/pages/form/
https://www.srki.ac.in/theme/default/assets/images/sulogo.png,,https://www.srki.ac.in/pages/form/
http://srki.ac.in/upload/image/instagram.png,,https://www.srki.ac.in/pages/form/
https://www.srki.ac.in/upload/image/you%20tube%20compress.jpg,,https://www.srki.ac.in/pages/form/
https://counter.websiteout.com/compte.php?S=https%3A%2F%2Fwww.srki.ac.in%2Fpages%2Fform%2F&C=4&D=5&N=4000&M=0&clt=1746289228&ca=,web hit counter,https://www.srki.ac.in/pages/form/
https://www.srki.ac.in/theme/default/assets/images/top.png,,https://www.srki.ac.in/pages/form/
https://www.srki.ac.in/theme/default/assets/images/logo.png,,https://www.srki.ac.in/pages/application-form/
https://www.srki.ac.in/theme/default/assets/images/sulogo.png,,https://www.srki.ac.in/pages/application-form/
http://srki.ac.in/upload/image/instagram.png,,https://www.srki.ac.in/pages/application-form/
https://www.srki.ac.in/upload/image/you%20tube%20compress.jpg,,https://www.srki.ac.in/pages/application-form/
https://counter.websiteout.com/compte.php?S=https%3A%2F%2Fwww.srki.ac.in%2Fpages%2Fapplication-form%2F&C=4&D=5&N=4000&M=0&clt=1746289228&ca=,web hit counter,https://www.srki.ac.in/pages/application-form/
https://www.srki.ac.in/theme/default/assets/images/top.png,,https://www.srki.ac.in/pages/application-form/
https://www.srki.ac.in/theme/default/assets/images/logo.png,,https://www.srki.ac.in/pages/complaint-form/
https://www.srki.ac.in/theme/default/assets/images/sulogo.png,,https://www.srki.ac.in/pages/complaint-form/
http://srki.ac.in/upload/image/instagram.png,,https://www.srki.ac.in/pages/complaint-form/
https://www.srki.ac.in/upload/image/you%20tube%20compress.jpg,,https://www.srki.ac.in/pages/complaint-form/
https://counter.websiteout.com/compte.php?S=https%3A%2F%2Fwww.srki.ac.in%2Fpages%2Fcomplaint-form%2F&C=4&D=5&N=4000&M=0&clt=1746289228&ca=,web hit counter,https://www.srki.ac.in/pages/complaint-form/
https://www.srki.ac.in/theme/default/assets/images/top.png,,https://www.srki.ac.in/pages/complaint-form/
https://www.srki.ac.in/theme/default/assets/images/logo.png,,https://www.srki.ac.in/pages/result-2023-24-and-2022-23/
https://www.srki.ac.in/theme/default/assets/images/sulogo.png,,https://www.srki.ac.in/pages/result-2023-24-and-2022-23/
http://srki.ac.in/upload/image/instagram.png,,https://www.srki.ac.in/pages/result-2023-24-and-2022-23/
https://www.srki.ac.in/upload/image/you%20tube%20compress.jpg,,https://www.srki.ac.in/pages/result-2023-24-and-2022-23/
https://counter.websiteout.com/compte.php?S=https%3A%2F%2Fwww.srki.ac.in%2Fpages%2Fresult-2023-24-and-2022-23%2F&C=4&D=5&N=4000&M=0&clt=1746289228&ca=,web hit counter,https://www.srki.ac.in/pages/result-2023-24-and-2022-23/
https://www.srki.ac.in/theme/default/assets/images/top.png,,https://www.srki.ac.in/pages/result-2023-24-and-2022-23/
https://www.srki.ac.in/theme/default/assets/images/load.gif,,https://www.srki.ac.in/pages/cells-amp-committees/
https://www.srki.ac.in/theme/default/assets/images/logo.png,,https://www.srki.ac.in/pages/cells-amp-committees/
https://www.srki.ac.in/theme/default/assets/images/sulogo.png,,https://www.srki.ac.in/pages/cells-amp-committees/
http://srki.ac.in/upload/image/instagram.png,,https://www.srki.ac.in/pages/cells-amp-committees/
https://www.srki.ac.in/upload/image/you%20tube%20compress.jpg,,https://www.srki.ac.in/pages/cells-amp-committees/
https://counter.websiteout.com/compte.php?S=https%3A%2F%2Fwww.srki.ac.in%2Fpages%2Fcells-amp-committees%2F&C=4&D=5&N=4000&M=0&clt=1746289228&ca=,web hit counter,https://www.srki.ac.in/pages/cells-amp-committees/
https://www.srki.ac.in/theme/default/assets/images/top.png,,https://www.srki.ac.in/pages/cells-amp-committees/
https://www.srki.ac.in/theme/default/assets/images/load.gif,,https://www.srki.ac.in/pages/red-cross-activities/
https://www.srki.ac.in/theme/default/assets/images/logo.png,,https://www.srki.ac.in/pages/red-cross-activities/
https://www.srki.ac.in/theme/default/assets/images/sulogo.png,,https://www.srki.ac.in/pages/red-cross-activities/
http://srki.ac.in/upload/image/instagram.png,,https://www.srki.ac.in/pages/red-cross-activities/
https://www.srki.ac.in/upload/image/you%20tube%20compress.jpg,,https://www.srki.ac.in/pages/red-cross-activities/
https://counter.websiteout.com/compte.php?S=https%3A%2F%2Fwww.srki.ac.in%2Fpages%2Fred-cross-activities%2F&C=4&D=5&N=4000&M=0&clt=1746289228&ca=,web hit counter,https://www.srki.ac.in/pages/red-cross-activities/
https://www.srki.ac.in/theme/default/assets/images/top.png,,https://www.srki.ac.in/pages/red-cross-activities/
https://www.srki.ac.in/theme/default/assets/images/load.gif,,https://www.srki.ac.in/pages/maitri-setu/
https://www.srki.ac.in/theme/default/assets/images/logo.png,,https://www.srki.ac.in/pages/maitri-setu/
https://www.srki.ac.in/theme/default/assets/images/sulogo.png,,https://www.srki.ac.in/pages/maitri-setu/
http://srki.ac.in/upload/image/instagram.png,,https://www.srki.ac.in/pages/maitri-setu/
https://www.srki.ac.in/upload/image/you%20tube%20compress.jpg,,https://www.srki.ac.in/pages/maitri-setu/
https://counter.websiteout.com/compte.php?S=https%3A%2F%2Fwww.srki.ac.in%2Fpages%2Fmaitri-setu%2F&C=4&D=5&N=4000&M=0&clt=1746289228&ca=,web hit counter,https://www.srki.ac.in/pages/maitri-setu/
https://www.srki.ac.in/theme/default/assets/images/top.png,,https://www.srki.ac.in/pages/maitri-setu/
