url,text,source_page
https://www.srki.ac.in/upload/2023-24/syllabus/bt-ch-mb-sem1-merged.pdf,Unknown - SEMESTER-1,https://www.srki.ac.in/pages/su-syllabus/
https://www.srki.ac.in/upload/2021-22/b.sc.%20chemistry%20sem.-ii_1.pdf,B.Sc. Chemistry - Unknown,https://www.srki.ac.in/pages/su-syllabus/
https://www.srki.ac.in/upload/2021-22/b.sc.%20chemistry%20sem.-iii_1.pdf,B.Sc. Chemistry - Unknown,https://www.srki.ac.in/pages/su-syllabus/
https://www.srki.ac.in/upload/2021-22/b.sc.%20chemistry-sem.-iv_1.pdf,B.Sc. Chemistry - Unknown,https://www.srki.ac.in/pages/su-syllabus/
https://www.srki.ac.in/upload/2021-22/b.sc.%20chemistry-sem.-v_1.pdf,B.Sc. Chemistry - Unknown,https://www.srki.ac.in/pages/su-syllabus/
https://www.srki.ac.in/upload/2021-22/b.sc.%20chemistry-sem.-vi_1.pdf,B.Sc. Chemistry - Unknown,https://www.srki.ac.in/pages/su-syllabus/
https://www.srki.ac.in/upload/2024-25/NEP_BSc_CS_Sem1_Syllabus_CS_2024-25-1-16.pdf,B.Sc. Computer Science - SEMESTER-1,https://www.srki.ac.in/pages/su-syllabus/
https://www.srki.ac.in/upload/2024-25/NEP_BSc_CS_Sem2_Syllabus_CS_2024-25-17-29.pdf,B.Sc. Computer Science - SEMESTER-2,https://www.srki.ac.in/pages/su-syllabus/
https://www.srki.ac.in/upload/2024-25/NEP_Bsc_CS_Sem3_Syllabus_CS_2024-25.pdf,B.Sc. Computer Science - SEMESTER-3,https://www.srki.ac.in/pages/su-syllabus/
https://www.srki.ac.in/upload/2024-25/NEP_Bsc_CS_Sem4_Syllabus_CS_2024-25.pdf,B.Sc. Computer Science - SEMESTER-4,https://www.srki.ac.in/pages/su-syllabus/
https://www.srki.ac.in/upload/2021-22/bsc_cs_sem-5.pdf,B.Sc. Computer Science - SEMESTER-5,https://www.srki.ac.in/pages/su-syllabus/
https://www.srki.ac.in/upload/2021-22/bsc_cs_sem-6.pdf,B.Sc. Computer Science - SEMESTER-6,https://www.srki.ac.in/pages/su-syllabus/
https://www.srki.ac.in/upload/2024-25/NEP_BSc_IT_Sem1_Syllabus_IT_2024-25.pdf,B.Sc. Information Technology - SEMESTER-1,https://www.srki.ac.in/pages/su-syllabus/
https://www.srki.ac.in/upload/2024-25/NEP_BSc_IT_Sem2_Syllabus_IT_2024-25.pdf,B.Sc. Information Technology - SEMESTER-2,https://www.srki.ac.in/pages/su-syllabus/
https://www.srki.ac.in/upload/2024-25/NEP_Bsc_IT_Sem3_Syllabus_IT_2024-25.pdf,B.Sc. Information Technology - SEMESTER-3,https://www.srki.ac.in/pages/su-syllabus/
https://www.srki.ac.in/upload/2024-25/NEP_Bsc_IT_Sem4_Syllabus_IT_2024-25.pdf,B.Sc. Information Technology - SEMESTER-4,https://www.srki.ac.in/pages/su-syllabus/
https://www.srki.ac.in/upload/2021-22/bsc_it_sem-5.pdf,B.Sc. Information Technology - SEMESTER-5,https://www.srki.ac.in/pages/su-syllabus/
https://www.srki.ac.in/upload/2021-22/bsc_it_sem-6.pdf,B.Sc. Information Technology - SEMESTER-6,https://www.srki.ac.in/pages/su-syllabus/
https://www.srki.ac.in/upload/2023-24/syllabus/bt-ch-mb-sem1-merged.pdf,Unknown - SEMESTER-1,https://www.srki.ac.in/pages/su-syllabus/
https://www.srki.ac.in/upload/2023-24/syllabus/bt-ch-mb-sem1-merged.pdf,Unknown - SEMESTER-1,https://www.srki.ac.in/pages/su-syllabus/
https://www.srki.ac.in/upload/2021-22/b.sc.%20mb%20sem%202.pdf,B.Sc. Microbiology - Unknown,https://www.srki.ac.in/pages/su-syllabus/
https://www.srki.ac.in/upload/2021-22/b.sc.%20mb%20sem%203.pdf,B.Sc. Microbiology - Unknown,https://www.srki.ac.in/pages/su-syllabus/
https://www.srki.ac.in/upload/2021-22/b.sc.%20mb%20sem%204.pdf,B.Sc. Microbiology - Unknown,https://www.srki.ac.in/pages/su-syllabus/
https://www.srki.ac.in/upload/2021-22/b.sc.%20mb%20sem%205.pdf,B.Sc. Microbiology - Unknown,https://www.srki.ac.in/pages/su-syllabus/
https://www.srki.ac.in/upload/2021-22/b.sc.%20mb%20sem%206.pdf,B.Sc. Microbiology - Unknown,https://www.srki.ac.in/pages/su-syllabus/
https://www.srki.ac.in/upload/2021-22/m.sc.%20biotechnology%20sem-1.pdf,M.Sc. Biotechnology - SEMESTER-1,https://www.srki.ac.in/pages/su-syllabus/
https://www.srki.ac.in/upload/2021-22/m.sc.%20biotech%20sem-2.pdf,M.Sc. Biotechnology - SEMESTER-2,https://www.srki.ac.in/pages/su-syllabus/
https://www.srki.ac.in/upload/2021-22/m.sc.%20biotech%20sem-3.pdf,M.Sc. Biotechnology - SEMESTER-3,https://www.srki.ac.in/pages/su-syllabus/
https://www.srki.ac.in/upload/2021-22/m.sc.%20biotech%20sem-4.pdf,M.Sc. Biotechnology - SEMESTER-4,https://www.srki.ac.in/pages/su-syllabus/
https://www.srki.ac.in/upload/2021-22/m.sc.%20organic%20chemistry%20semester%20-%20i_1.pdf,Unknown - Unknown,https://www.srki.ac.in/pages/su-syllabus/
https://www.srki.ac.in/upload/2021-22/m.sc.%20organic%20chemistry%20semester%20-%20ii_1.pdf,Unknown - Unknown,https://www.srki.ac.in/pages/su-syllabus/
https://www.srki.ac.in/upload/2021-22/m.sc.%20organic%20chemistry%20semester%20-%20iii_1.pdf,Unknown - Unknown,https://www.srki.ac.in/pages/su-syllabus/
https://www.srki.ac.in/upload/2021-22/m.sc.%20organic%20chemistry%20semester%20-%20iv_1.pdf,Unknown - Unknown,https://www.srki.ac.in/pages/su-syllabus/
https://www.srki.ac.in/upload/2021-22/msc_it_sem-1-1-6.pdf,M.Sc. Information Technology - SEMESTER-1,https://www.srki.ac.in/pages/su-syllabus/
https://www.srki.ac.in/upload/2021-22/msc_it_sem-1-7-33.pdf,M.Sc. Information Technology - SEMESTER-1,https://www.srki.ac.in/pages/su-syllabus/
https://www.srki.ac.in/upload/2021-22/msc_it_sem-2.pdf,M.Sc. Information Technology - SEMESTER-2,https://www.srki.ac.in/pages/su-syllabus/
https://www.srki.ac.in/upload/2021-22/msc_it_sem-3_1.pdf,M.Sc. Information Technology - SEMESTER-3,https://www.srki.ac.in/pages/su-syllabus/
https://www.srki.ac.in/upload/2021-22/msc_it_sem-4.pdf,M.Sc. Information Technology - SEMESTER-4,https://www.srki.ac.in/pages/su-syllabus/
https://www.srki.ac.in/upload/2021-22/msc_ac_sem-1-1-4.pdf,M.Sc. Advance Computing - SEMESTER-1,https://www.srki.ac.in/pages/su-syllabus/
https://www.srki.ac.in/upload/2021-22/msc_ac_sem-1-5-30.pdf,M.Sc. Advance Computing - SEMESTER-1,https://www.srki.ac.in/pages/su-syllabus/
https://www.srki.ac.in/upload/2021-22/msc_ac_sem-2.pdf,M.Sc. Advance Computing - SEMESTER-2,https://www.srki.ac.in/pages/su-syllabus/
https://www.srki.ac.in/upload/2021-22/msc_ac_sem-3.pdf,M.Sc. Advance Computing - SEMESTER-3,https://www.srki.ac.in/pages/su-syllabus/
https://www.srki.ac.in/upload/2021-22/msc_ac_sem-4.pdf,M.Sc. Advance Computing - SEMESTER-4,https://www.srki.ac.in/pages/su-syllabus/
https://www.srki.ac.in/upload/2021-22/msc_wmt_sem-1-1-6.pdf,M.Sc. Web and Mobile Technology - SEMESTER-1,https://www.srki.ac.in/pages/su-syllabus/
https://www.srki.ac.in/upload/2021-22/msc_wmt_sem-1-7-33.pdf,M.Sc. Web and Mobile Technology - SEMESTER-1,https://www.srki.ac.in/pages/su-syllabus/
https://www.srki.ac.in/upload/2021-22/msc_wmt_sem-2.pdf,M.Sc. Web and Mobile Technology - SEMESTER-2,https://www.srki.ac.in/pages/su-syllabus/
https://www.srki.ac.in/upload/2021-22/msc_wmt_sem-3.pdf,M.Sc. Web and Mobile Technology - SEMESTER-3,https://www.srki.ac.in/pages/su-syllabus/
https://www.srki.ac.in/upload/2021-22/msc_wmt_sem-4.pdf,M.Sc. Web and Mobile Technology - SEMESTER-4,https://www.srki.ac.in/pages/su-syllabus/
https://www.srki.ac.in/upload/2021-22/m.sc.%20mb%20sem%201.pdf,M.Sc. Microbiology - Unknown,https://www.srki.ac.in/pages/su-syllabus/
https://www.srki.ac.in/upload/2021-22/m.sc.%20mb%20sem%202.pdf,M.Sc. Microbiology - Unknown,https://www.srki.ac.in/pages/su-syllabus/
https://www.srki.ac.in/upload/2021-22/m.sc.%20mb%20sem%203.pdf,M.Sc. Microbiology - Unknown,https://www.srki.ac.in/pages/su-syllabus/
https://www.srki.ac.in/upload/2021-22/m.sc.%20mb%20sem%204.pdf,M.Sc. Microbiology - Unknown,https://www.srki.ac.in/pages/su-syllabus/
https://www.srki.ac.in/upload/2021-22/m.sc.%20medical%20bt%20sem-1.pdf,M.Sc. Biotechnology - SEMESTER-1,https://www.srki.ac.in/pages/su-syllabus/
https://www.srki.ac.in/upload/2021-22/m.sc.%20medical%20bt%20sem-2.pdf,M.Sc. Biotechnology - SEMESTER-2,https://www.srki.ac.in/pages/su-syllabus/
https://www.srki.ac.in/upload/2021-22/m.sc.%20medical%20bt%20sem-3.pdf,M.Sc. Biotechnology - SEMESTER-3,https://www.srki.ac.in/pages/su-syllabus/
https://www.srki.ac.in/upload/2021-22/m.sc.%20medical%20bt%20sem-4.pdf,M.Sc. Biotechnology - SEMESTER-4,https://www.srki.ac.in/pages/su-syllabus/
https://www.srki.ac.in/upload/2021-22/m.sc.genetics%20sem-1.pdf,M.Sc. Computer Science - SEMESTER-1,https://www.srki.ac.in/pages/su-syllabus/
https://www.srki.ac.in/upload/2021-22/m.sc.%20genetics%20sem-2.pdf,M.Sc. Computer Science - SEMESTER-2,https://www.srki.ac.in/pages/su-syllabus/
https://www.srki.ac.in/upload/2021-22/m.sc.%20genetics%20sem-3.pdf,M.Sc. Computer Science - SEMESTER-3,https://www.srki.ac.in/pages/su-syllabus/
https://www.srki.ac.in/upload/2021-22/m.sc.%20genetics%20sem-4.pdf,M.Sc. Computer Science - SEMESTER-4,https://www.srki.ac.in/pages/su-syllabus/
https://www.srki.ac.in/upload/2021-22/pgdmlt%20sem-1%20syllabus_1.pdf,PGDMLT - SEMESTER-1,https://www.srki.ac.in/pages/su-syllabus/
https://www.srki.ac.in/upload/2021-22/pgdmltsem-2%20syllabus_1.pdf,PGDMLT - SEMESTER-2,https://www.srki.ac.in/pages/su-syllabus/
https://www.srki.ac.in/upload/2024-25/M-sc-%20Clinical%20Embryology%20Semester%20-1.pdf,Unknown - Unknown,https://www.srki.ac.in/pages/su-syllabus/
https://www.srki.ac.in/upload/2024-25/M-Sc-%20Clinical%20embryology%20Semester%202.pdf,Unknown - Unknown,https://www.srki.ac.in/pages/su-syllabus/
https://www.srki.ac.in/upload/2024-25/Working%20Committee%202024-25.pdf,Click Here,https://www.srki.ac.in/pages/working-committee/
https://www.srki.ac.in/upload/2023-24/aishe/C-21402-DCF-2020-21.pdf,Unnamed PDF,https://www.srki.ac.in/pages/aishe/
https://www.srki.ac.in/upload/2023-24/aishe/C-21402-TeachingStaff-2020-21.pdf,Unnamed PDF,https://www.srki.ac.in/pages/aishe/
https://www.srki.ac.in/upload/2023-24/aishe/C-21402-DCF-1_2021-22.pdf,Unnamed PDF,https://www.srki.ac.in/pages/aishe/
https://www.srki.ac.in/upload/2023-24/aishe/C-21402-TeachingStaff-2021-22.pdf,Unnamed PDF,https://www.srki.ac.in/pages/aishe/
https://www.srki.ac.in/upload/2023-24/aishe/C-21402-DCF%20(3).pdf,Unnamed PDF,https://www.srki.ac.in/pages/aishe/
https://www.srki.ac.in/upload/2023-24/aishe/C-21402-TeachingStaff-DCF%20(3).pdf,Unnamed PDF,https://www.srki.ac.in/pages/aishe/
https://www.srki.ac.in/upload/2023-24/syllabus/bt-ch-mb-sem1-merged.pdf,Unnamed PDF,https://www.srki.ac.in/pages/su-syllabus/
https://www.srki.ac.in/upload/2021-22/b.sc.%20chemistry%20sem.-ii_1.pdf,Unnamed PDF,https://www.srki.ac.in/pages/su-syllabus/
https://www.srki.ac.in/upload/2021-22/b.sc.%20chemistry%20sem.-iii_1.pdf,Unnamed PDF,https://www.srki.ac.in/pages/su-syllabus/
https://www.srki.ac.in/upload/2021-22/b.sc.%20chemistry-sem.-iv_1.pdf,Unnamed PDF,https://www.srki.ac.in/pages/su-syllabus/
https://www.srki.ac.in/upload/2021-22/b.sc.%20chemistry-sem.-v_1.pdf,Unnamed PDF,https://www.srki.ac.in/pages/su-syllabus/
https://www.srki.ac.in/upload/2021-22/b.sc.%20chemistry-sem.-vi_1.pdf,Unnamed PDF,https://www.srki.ac.in/pages/su-syllabus/
https://www.srki.ac.in/upload/2024-25/NEP_BSc_CS_Sem1_Syllabus_CS_2024-25-1-16.pdf,Unnamed PDF,https://www.srki.ac.in/pages/su-syllabus/
https://www.srki.ac.in/upload/2024-25/NEP_BSc_CS_Sem2_Syllabus_CS_2024-25-17-29.pdf,Unnamed PDF,https://www.srki.ac.in/pages/su-syllabus/
https://www.srki.ac.in/upload/2024-25/NEP_Bsc_CS_Sem3_Syllabus_CS_2024-25.pdf,Unnamed PDF,https://www.srki.ac.in/pages/su-syllabus/
https://www.srki.ac.in/upload/2024-25/NEP_Bsc_CS_Sem4_Syllabus_CS_2024-25.pdf,Unnamed PDF,https://www.srki.ac.in/pages/su-syllabus/
https://www.srki.ac.in/upload/2021-22/bsc_cs_sem-5.pdf,Unnamed PDF,https://www.srki.ac.in/pages/su-syllabus/
https://www.srki.ac.in/upload/2021-22/bsc_cs_sem-6.pdf,Unnamed PDF,https://www.srki.ac.in/pages/su-syllabus/
https://www.srki.ac.in/upload/2024-25/NEP_BSc_IT_Sem1_Syllabus_IT_2024-25.pdf,Unnamed PDF,https://www.srki.ac.in/pages/su-syllabus/
https://www.srki.ac.in/upload/2024-25/NEP_BSc_IT_Sem2_Syllabus_IT_2024-25.pdf,Unnamed PDF,https://www.srki.ac.in/pages/su-syllabus/
https://www.srki.ac.in/upload/2024-25/NEP_Bsc_IT_Sem3_Syllabus_IT_2024-25.pdf,Unnamed PDF,https://www.srki.ac.in/pages/su-syllabus/
https://www.srki.ac.in/upload/2024-25/NEP_Bsc_IT_Sem4_Syllabus_IT_2024-25.pdf,Unnamed PDF,https://www.srki.ac.in/pages/su-syllabus/
https://www.srki.ac.in/upload/2021-22/bsc_it_sem-5.pdf,Unnamed PDF,https://www.srki.ac.in/pages/su-syllabus/
https://www.srki.ac.in/upload/2021-22/bsc_it_sem-6.pdf,Unnamed PDF,https://www.srki.ac.in/pages/su-syllabus/
https://www.srki.ac.in/upload/2023-24/syllabus/bt-ch-mb-sem1-merged.pdf,Unnamed PDF,https://www.srki.ac.in/pages/su-syllabus/
https://www.srki.ac.in/upload/2023-24/syllabus/bt-ch-mb-sem1-merged.pdf,Unnamed PDF,https://www.srki.ac.in/pages/su-syllabus/
https://www.srki.ac.in/upload/2021-22/b.sc.%20mb%20sem%202.pdf,Unnamed PDF,https://www.srki.ac.in/pages/su-syllabus/
https://www.srki.ac.in/upload/2021-22/b.sc.%20mb%20sem%203.pdf,Unnamed PDF,https://www.srki.ac.in/pages/su-syllabus/
https://www.srki.ac.in/upload/2021-22/b.sc.%20mb%20sem%204.pdf,Unnamed PDF,https://www.srki.ac.in/pages/su-syllabus/
https://www.srki.ac.in/upload/2021-22/b.sc.%20mb%20sem%205.pdf,Unnamed PDF,https://www.srki.ac.in/pages/su-syllabus/
https://www.srki.ac.in/upload/2021-22/b.sc.%20mb%20sem%206.pdf,Unnamed PDF,https://www.srki.ac.in/pages/su-syllabus/
https://www.srki.ac.in/upload/2021-22/m.sc.%20biotechnology%20sem-1.pdf,Unnamed PDF,https://www.srki.ac.in/pages/su-syllabus/
https://www.srki.ac.in/upload/2021-22/m.sc.%20biotech%20sem-2.pdf,Unnamed PDF,https://www.srki.ac.in/pages/su-syllabus/
https://www.srki.ac.in/upload/2021-22/m.sc.%20biotech%20sem-3.pdf,Unnamed PDF,https://www.srki.ac.in/pages/su-syllabus/
https://www.srki.ac.in/upload/2021-22/m.sc.%20biotech%20sem-4.pdf,Unnamed PDF,https://www.srki.ac.in/pages/su-syllabus/
https://www.srki.ac.in/upload/2021-22/m.sc.%20organic%20chemistry%20semester%20-%20i_1.pdf,Unnamed PDF,https://www.srki.ac.in/pages/su-syllabus/
https://www.srki.ac.in/upload/2021-22/m.sc.%20organic%20chemistry%20semester%20-%20ii_1.pdf,Unnamed PDF,https://www.srki.ac.in/pages/su-syllabus/
https://www.srki.ac.in/upload/2021-22/m.sc.%20organic%20chemistry%20semester%20-%20iii_1.pdf,Unnamed PDF,https://www.srki.ac.in/pages/su-syllabus/
https://www.srki.ac.in/upload/2021-22/m.sc.%20organic%20chemistry%20semester%20-%20iv_1.pdf,Unnamed PDF,https://www.srki.ac.in/pages/su-syllabus/
https://www.srki.ac.in/upload/2021-22/msc_it_sem-1-1-6.pdf,Unnamed PDF,https://www.srki.ac.in/pages/su-syllabus/
https://www.srki.ac.in/upload/2021-22/msc_it_sem-1-7-33.pdf,Unnamed PDF,https://www.srki.ac.in/pages/su-syllabus/
https://www.srki.ac.in/upload/2021-22/msc_it_sem-2.pdf,Unnamed PDF,https://www.srki.ac.in/pages/su-syllabus/
https://www.srki.ac.in/upload/2021-22/msc_it_sem-3_1.pdf,Unnamed PDF,https://www.srki.ac.in/pages/su-syllabus/
https://www.srki.ac.in/upload/2021-22/msc_it_sem-4.pdf,Unnamed PDF,https://www.srki.ac.in/pages/su-syllabus/
https://www.srki.ac.in/upload/2021-22/msc_ac_sem-1-1-4.pdf,Unnamed PDF,https://www.srki.ac.in/pages/su-syllabus/
https://www.srki.ac.in/upload/2021-22/msc_ac_sem-1-5-30.pdf,Unnamed PDF,https://www.srki.ac.in/pages/su-syllabus/
https://www.srki.ac.in/upload/2021-22/msc_ac_sem-2.pdf,Unnamed PDF,https://www.srki.ac.in/pages/su-syllabus/
https://www.srki.ac.in/upload/2021-22/msc_ac_sem-3.pdf,Unnamed PDF,https://www.srki.ac.in/pages/su-syllabus/
https://www.srki.ac.in/upload/2021-22/msc_ac_sem-4.pdf,Unnamed PDF,https://www.srki.ac.in/pages/su-syllabus/
https://www.srki.ac.in/upload/2021-22/msc_wmt_sem-1-1-6.pdf,Unnamed PDF,https://www.srki.ac.in/pages/su-syllabus/
https://www.srki.ac.in/upload/2021-22/msc_wmt_sem-1-7-33.pdf,Unnamed PDF,https://www.srki.ac.in/pages/su-syllabus/
https://www.srki.ac.in/upload/2021-22/msc_wmt_sem-2.pdf,Unnamed PDF,https://www.srki.ac.in/pages/su-syllabus/
https://www.srki.ac.in/upload/2021-22/msc_wmt_sem-3.pdf,Unnamed PDF,https://www.srki.ac.in/pages/su-syllabus/
https://www.srki.ac.in/upload/2021-22/msc_wmt_sem-4.pdf,Unnamed PDF,https://www.srki.ac.in/pages/su-syllabus/
https://www.srki.ac.in/upload/2021-22/m.sc.%20mb%20sem%201.pdf,Unnamed PDF,https://www.srki.ac.in/pages/su-syllabus/
https://www.srki.ac.in/upload/2021-22/m.sc.%20mb%20sem%202.pdf,Unnamed PDF,https://www.srki.ac.in/pages/su-syllabus/
https://www.srki.ac.in/upload/2021-22/m.sc.%20mb%20sem%203.pdf,Unnamed PDF,https://www.srki.ac.in/pages/su-syllabus/
https://www.srki.ac.in/upload/2021-22/m.sc.%20mb%20sem%204.pdf,Unnamed PDF,https://www.srki.ac.in/pages/su-syllabus/
https://www.srki.ac.in/upload/2021-22/m.sc.%20medical%20bt%20sem-1.pdf,Unnamed PDF,https://www.srki.ac.in/pages/su-syllabus/
https://www.srki.ac.in/upload/2021-22/m.sc.%20medical%20bt%20sem-2.pdf,Unnamed PDF,https://www.srki.ac.in/pages/su-syllabus/
https://www.srki.ac.in/upload/2021-22/m.sc.%20medical%20bt%20sem-3.pdf,Unnamed PDF,https://www.srki.ac.in/pages/su-syllabus/
https://www.srki.ac.in/upload/2021-22/m.sc.%20medical%20bt%20sem-4.pdf,Unnamed PDF,https://www.srki.ac.in/pages/su-syllabus/
https://www.srki.ac.in/upload/2021-22/m.sc.genetics%20sem-1.pdf,Unnamed PDF,https://www.srki.ac.in/pages/su-syllabus/
https://www.srki.ac.in/upload/2021-22/m.sc.%20genetics%20sem-2.pdf,Unnamed PDF,https://www.srki.ac.in/pages/su-syllabus/
https://www.srki.ac.in/upload/2021-22/m.sc.%20genetics%20sem-3.pdf,Unnamed PDF,https://www.srki.ac.in/pages/su-syllabus/
https://www.srki.ac.in/upload/2021-22/m.sc.%20genetics%20sem-4.pdf,Unnamed PDF,https://www.srki.ac.in/pages/su-syllabus/
https://www.srki.ac.in/upload/2021-22/pgdmlt%20sem-1%20syllabus_1.pdf,Unnamed PDF,https://www.srki.ac.in/pages/su-syllabus/
https://www.srki.ac.in/upload/2021-22/pgdmltsem-2%20syllabus_1.pdf,Unnamed PDF,https://www.srki.ac.in/pages/su-syllabus/
https://www.srki.ac.in/upload/2024-25/M-sc-%20Clinical%20Embryology%20Semester%20-1.pdf,Unnamed PDF,https://www.srki.ac.in/pages/su-syllabus/
https://www.srki.ac.in/upload/2024-25/M-Sc-%20Clinical%20embryology%20Semester%202.pdf,Unnamed PDF,https://www.srki.ac.in/pages/su-syllabus/
https://www.srki.ac.in/upload/2022-23/B.Sc%20BT.pdf,View,https://www.srki.ac.in/pages/courses-offered/
https://www.srki.ac.in/upload/2022-23/B.Sc.%20CHE.pdf,Unnamed PDF,https://www.srki.ac.in/pages/courses-offered/
https://www.srki.ac.in/upload/2022-23/B.Sc%20CS.pdf,View,https://www.srki.ac.in/pages/courses-offered/
https://www.srki.ac.in/upload/2022-23/B.Sc%20IT.pdf,View,https://www.srki.ac.in/pages/courses-offered/
https://www.srki.ac.in/upload/2022-23/B.Sc%20ES.pdf,View,https://www.srki.ac.in/pages/courses-offered/
https://www.srki.ac.in/upload/2022-23/BSc%20MB.pdf,View,https://www.srki.ac.in/pages/courses-offered/
https://www.srki.ac.in/upload/2022-23/M.Sc%20BT.pdf,Unnamed PDF,https://www.srki.ac.in/pages/courses-offered/
https://www.srki.ac.in/upload/2022-23/M.Sc%20BT.pdf,Unnamed PDF,https://www.srki.ac.in/pages/courses-offered/
https://www.srki.ac.in/upload/2022-23/M.Sc.%20CHE.pdf,Unnamed PDF,https://www.srki.ac.in/pages/courses-offered/
https://www.srki.ac.in/upload/2021-22/M.Sc.%20Computer%20courses%20Brochure%20%2050%20copies_compressed.pdf,Unnamed PDF,https://www.srki.ac.in/pages/courses-offered/
https://www.srki.ac.in/upload/2021-22/M.Sc.%20Computer%20courses%20Brochure%20%2050%20copies_compressed.pdf,Unnamed PDF,https://www.srki.ac.in/pages/courses-offered/
https://www.srki.ac.in/upload/2022-23/M.Sc%20CS.pdf,Unnamed PDF,https://www.srki.ac.in/pages/courses-offered/
https://www.srki.ac.in/upload/2022-23/m.%20sc.%20environmental%20science%20all%20courses%20brochure%20with%20qr%20code%20%26%20link%20%20(3)%20(1).pdf,Unnamed PDF,https://www.srki.ac.in/pages/courses-offered/
https://www.srki.ac.in/upload/2022-23/m.%20sc.%20environmental%20science%20all%20courses%20brochure%20with%20qr%20code%20%26%20link%20%20(3)%20(1).pdf,Unnamed PDF,https://www.srki.ac.in/pages/courses-offered/
https://www.srki.ac.in/upload/2022-23/M.Sc%20MB.pdf,Unnamed PDF,https://www.srki.ac.in/pages/courses-offered/
https://www.srki.ac.in/upload/2021-22/FINAL-%20PG%20MICRO-CODE%20%2B%20LINK%2050%20copies_compressed.pdf,Unnamed PDF,https://www.srki.ac.in/pages/courses-offered/
https://www.srki.ac.in/upload/2021-22/FINAL-%20PG%20MICRO-CODE%20%2B%20LINK%2050%20copies_compressed.pdf,Unnamed PDF,https://www.srki.ac.in/pages/courses-offered/
https://www.srki.ac.in/upload/2022-23/PGDMLT.pdf,Unnamed PDF,https://www.srki.ac.in/pages/courses-offered/
https://www.srki.ac.in/upload/nabl.pdf,Click Here,https://www.srki.ac.in/pages/accrediation/
https://www.srki.ac.in/upload/naac.pdf,Click Here,https://www.srki.ac.in/pages/accrediation/
https://www.srki.ac.in/upload/aaa.pdf,Click Here,https://www.srki.ac.in/pages/accrediation/
http://www.srki.ac.in/upload/files/updated-ssr.pdf,Self Study Report â€“ NAAC,https://www.srki.ac.in/pages/aqar-report/
http://www.srki.ac.in/upload/files/iqac-2011-2012-final.pdf,IQAC Report 2011-12,https://www.srki.ac.in/pages/aqar-report/
http://www.srki.ac.in/upload/files/iqac-2012-2013-final--min.pdf,IQAC Report 2012-13,https://www.srki.ac.in/pages/aqar-report/
http://www.srki.ac.in/upload/files/iqac-2013-2014-final-min-ilovepdf-compressed.pdf,IQAC Report 2013-14,https://www.srki.ac.in/pages/aqar-report/
http://www.srki.ac.in/upload/files/aqar-14-15-compressed.pdf,IQAC Report 2014-15,https://www.srki.ac.in/pages/aqar-report/
http://www.srki.ac.in/upload/files/AQAR-15-16.pdf,IQAC Report 2015-16,https://www.srki.ac.in/pages/aqar-report/
https://www.srki.ac.in/upload/2023-24/syllabus/cs-sem-1.pdf,Unnamed PDF,https://www.srki.ac.in/department/computer-science/
https://www.srki.ac.in/upload/2021-22/bsc_cs_sem-2.pdf,Unnamed PDF,https://www.srki.ac.in/department/computer-science/
https://www.srki.ac.in/upload/2021-22/bsc_cs_sem-3.pdf,Unnamed PDF,https://www.srki.ac.in/department/computer-science/
https://www.srki.ac.in/upload/2021-22/bsc_cs_sem-4.pdf,Unnamed PDF,https://www.srki.ac.in/department/computer-science/
https://www.srki.ac.in/upload/2021-22/bsc_cs_sem-5.pdf,Unnamed PDF,https://www.srki.ac.in/department/computer-science/
https://www.srki.ac.in/upload/2021-22/bsc_cs_sem-6.pdf,Unnamed PDF,https://www.srki.ac.in/department/computer-science/
https://www.srki.ac.in/upload/2023-24/syllabus/bsccs_2023_nep_16-06-23.pdf,Unnamed PDF,https://www.srki.ac.in/department/computer-science/
https://www.srki.ac.in/upload/2023-24/syllabus/mil%20gujarati.pdf,Unnamed PDF,https://www.srki.ac.in/department/computer-science/
https://www.srki.ac.in/upload/2023-24/syllabus/iks-foundation.pdf,Unnamed PDF,https://www.srki.ac.in/department/computer-science/
https://www.srki.ac.in/upload/2021-22/msc_it_sem-1-1-6.pdf,Unnamed PDF,https://www.srki.ac.in/department/computer-science/
https://www.srki.ac.in/upload/2021-22/msc_it_sem-1-7-33.pdf,Unnamed PDF,https://www.srki.ac.in/department/computer-science/
https://www.srki.ac.in/upload/2021-22/msc_it_sem-2.pdf,Unnamed PDF,https://www.srki.ac.in/department/computer-science/
https://www.srki.ac.in/upload/2021-22/msc_it_sem-3_1.pdf,Unnamed PDF,https://www.srki.ac.in/department/computer-science/
https://www.srki.ac.in/upload/2021-22/msc_it_sem-4.pdf,Unnamed PDF,https://www.srki.ac.in/department/computer-science/
https://www.srki.ac.in/upload/2021-22/msc_ac_sem-1-1-4.pdf,Unnamed PDF,https://www.srki.ac.in/department/computer-science/
https://www.srki.ac.in/upload/2021-22/msc_ac_sem-1-5-30.pdf,Unnamed PDF,https://www.srki.ac.in/department/computer-science/
https://www.srki.ac.in/upload/2021-22/msc_ac_sem-2.pdf,Unnamed PDF,https://www.srki.ac.in/department/computer-science/
https://www.srki.ac.in/upload/2021-22/msc_ac_sem-3.pdf,Unnamed PDF,https://www.srki.ac.in/department/computer-science/
https://www.srki.ac.in/upload/2021-22/msc_ac_sem-4.pdf,Unnamed PDF,https://www.srki.ac.in/department/computer-science/
https://www.srki.ac.in/upload/2021-22/msc_wmt_sem-1-1-6.pdf,Unnamed PDF,https://www.srki.ac.in/department/computer-science/
https://www.srki.ac.in/upload/2021-22/msc_wmt_sem-1-7-33.pdf,Unnamed PDF,https://www.srki.ac.in/department/computer-science/
https://www.srki.ac.in/upload/2021-22/msc_wmt_sem-2.pdf,Unnamed PDF,https://www.srki.ac.in/department/computer-science/
https://www.srki.ac.in/upload/2021-22/msc_wmt_sem-3.pdf,Unnamed PDF,https://www.srki.ac.in/department/computer-science/
https://www.srki.ac.in/upload/2021-22/msc_wmt_sem-4.pdf,Unnamed PDF,https://www.srki.ac.in/department/computer-science/
https://www.srki.ac.in/upload/2021-22/m.sc.(computer%20application)%20syllabus%202020-21.pdf,Unnamed PDF,https://www.srki.ac.in/department/computer-science/
https://www.srki.ac.in/upload/2021-22/m.sc.(computer%20application)%20syllabus%202020-21.pdf,Unnamed PDF,https://www.srki.ac.in/department/computer-science/
https://www.srki.ac.in/upload/m.sc.%20comp.appli._2019.pdf,Unnamed PDF,https://www.srki.ac.in/department/computer-science/
https://www.srki.ac.in/upload/m.sc.%20comp.appli._2019_1.pdf,Unnamed PDF,https://www.srki.ac.in/department/computer-science/
http://www.srki.ac.in/upload/files/student_activities_2015_16_overallreport-ilovepdf-compressed.pdf,Unnamed PDF,https://www.srki.ac.in/department/computer-science/
http://www.srki.ac.in/upload/attachment4-min.pdf,Unnamed PDF,https://www.srki.ac.in/department/computer-science/
http://www.srki.ac.in/upload/report.pdf,Unnamed PDF,https://www.srki.ac.in/department/computer-science/
https://www.srki.ac.in/upload/cs%20report%2018-19.pdf,Unnamed PDF,https://www.srki.ac.in/department/computer-science/
https://www.srki.ac.in/upload/activity-report_1.pdf,Unnamed PDF,https://www.srki.ac.in/department/computer-science/
https://www.srki.ac.in/upload/ravisir%20report.pdf,Unnamed PDF,https://www.srki.ac.in/department/computer-science/
https://www.srki.ac.in/upload/workshop%20on%20iot%20report.pdf,Unnamed PDF,https://www.srki.ac.in/department/computer-science/
https://www.srki.ac.in/upload/reactjs_workshop_report2020.pdf,Unnamed PDF,https://www.srki.ac.in/department/computer-science/
https://www.srki.ac.in/upload/2021-22/webinar_report_aiml.pdf,Unnamed PDF,https://www.srki.ac.in/department/computer-science/
https://www.srki.ac.in/upload/2021-22/webinar_report_se.pdf,Unnamed PDF,https://www.srki.ac.in/department/computer-science/
https://www.srki.ac.in/upload/2021-22/webinar_report_se.pdf,Unnamed PDF,https://www.srki.ac.in/department/computer-science/
https://www.srki.ac.in/upload/2021-22/report_postercompetition_it.pdf,Unnamed PDF,https://www.srki.ac.in/department/computer-science/
https://www.srki.ac.in/upload/2022-23/report_seminar_fullstack.pdf,Unnamed PDF,https://www.srki.ac.in/department/computer-science/
https://www.srki.ac.in/upload/2022-23/Report_Seminar_APIAbuse.pdf,Unnamed PDF,https://www.srki.ac.in/department/computer-science/
https://www.srki.ac.in/upload/2022-23/Report_Seminar_JS.pdf,Unnamed PDF,https://www.srki.ac.in/department/computer-science/
https://www.srki.ac.in/upload/2023-24/Report_Seminar_CyberSecurity.pdf,Unnamed PDF,https://www.srki.ac.in/department/computer-science/
https://www.srki.ac.in/upload/2023-24/Report_Seminar_DatabaseModel.pdf,Unnamed PDF,https://www.srki.ac.in/department/computer-science/
https://www.srki.ac.in/upload/2023-24/Report_Seminar_CyberSecurity24.pdf,Unnamed PDF,https://www.srki.ac.in/department/computer-science/
https://www.srki.ac.in/upload/2023-24/Report_AIMLClubActivity_1224.pdf,Unnamed PDF,https://www.srki.ac.in/department/computer-science/
https://www.srki.ac.in/upload/2023-24/Report_Seminar_Django.pdf,Unnamed PDF,https://www.srki.ac.in/department/computer-science/
https://www.srki.ac.in/upload/2023-24/syllabus/bt-ch-mb-sem1-merged.pdf,Unnamed PDF,https://www.srki.ac.in/department/microbiology/
https://www.srki.ac.in/upload/2021-22/b.sc.%20mb%20sem%202.pdf,Unnamed PDF,https://www.srki.ac.in/department/microbiology/
https://www.srki.ac.in/upload/2021-22/b.sc.%20mb%20sem%203.pdf,Unnamed PDF,https://www.srki.ac.in/department/microbiology/
https://www.srki.ac.in/upload/2021-22/b.sc.%20mb%20sem%204.pdf,Unnamed PDF,https://www.srki.ac.in/department/microbiology/
https://www.srki.ac.in/upload/2021-22/b.sc.%20mb%20sem%205.pdf,Unnamed PDF,https://www.srki.ac.in/department/microbiology/
https://www.srki.ac.in/upload/2021-22/b.sc.%20mb%20sem%206.pdf,Unnamed PDF,https://www.srki.ac.in/department/microbiology/
https://www.srki.ac.in/upload/2023-24/syllabus/foundation%20majors%20in%20applied%20sciences-1.pdf,Unnamed PDF,https://www.srki.ac.in/department/microbiology/
https://www.srki.ac.in/upload/2023-24/syllabus/foundation%20laboratory%20in%20applied%20sciences-1.pdf,Unnamed PDF,https://www.srki.ac.in/department/microbiology/
https://www.srki.ac.in/upload/2023-24/syllabus/foundation%20minors%20in%20applied%20sciences-1.pdf,Unnamed PDF,https://www.srki.ac.in/department/microbiology/
https://www.srki.ac.in/upload/2023-24/syllabus/sec%20-%20soap%20and%20detergent%20making.pdf,Unnamed PDF,https://www.srki.ac.in/department/microbiology/
https://www.srki.ac.in/upload/2023-24/syllabus/sec-%20arogya%20mitra.pdf,Unnamed PDF,https://www.srki.ac.in/department/microbiology/
https://www.srki.ac.in/upload/2023-24/syllabus/mil%20gujarati-bt.pdf,Unnamed PDF,https://www.srki.ac.in/department/microbiology/
https://www.srki.ac.in/upload/2023-24/syllabus/iks-foundation_1.pdf,Unnamed PDF,https://www.srki.ac.in/department/microbiology/
https://www.srki.ac.in/upload/2021-22/b.sc.%20mb%20sem%202.pdf,Unnamed PDF,https://www.srki.ac.in/department/microbiology/
https://www.srki.ac.in/upload/2021-22/b.sc.%20mb%20sem%203.pdf,Unnamed PDF,https://www.srki.ac.in/department/microbiology/
https://www.srki.ac.in/upload/2021-22/b.sc.%20mb%20sem%204.pdf,Unnamed PDF,https://www.srki.ac.in/department/microbiology/
https://www.srki.ac.in/upload/2021-22/b.sc.%20mb%20sem%205.pdf,Unnamed PDF,https://www.srki.ac.in/department/microbiology/
https://www.srki.ac.in/upload/2021-22/b.sc.%20mb%20sem%206.pdf,Unnamed PDF,https://www.srki.ac.in/department/microbiology/
https://www.srki.ac.in/upload/2021-22/m.sc.%20mb%20sem%201.pdf,Unnamed PDF,https://www.srki.ac.in/department/microbiology/
https://www.srki.ac.in/upload/2021-22/m.sc.%20mb%20sem%202.pdf,Unnamed PDF,https://www.srki.ac.in/department/microbiology/
https://www.srki.ac.in/upload/2021-22/m.sc.%20mb%20sem%203.pdf,Unnamed PDF,https://www.srki.ac.in/department/microbiology/
https://www.srki.ac.in/upload/2021-22/m.sc.%20mb%20sem%204.pdf,Unnamed PDF,https://www.srki.ac.in/department/microbiology/
https://www.srki.ac.in/upload/2022-23/m.sc.%20mlt%20sem-1%20syllabus.pdf,Unnamed PDF,https://www.srki.ac.in/department/microbiology/
https://www.srki.ac.in/upload/2022-23/m.sc.%20mlt%20sem-2%20syllabus.pdf,Unnamed PDF,https://www.srki.ac.in/department/microbiology/
https://www.srki.ac.in/upload/2022-23/m.sc.%20mlt%20sem-3%20syllabus.pdf,Unnamed PDF,https://www.srki.ac.in/department/microbiology/
https://www.srki.ac.in/upload/2022-23/m.sc.%20mlt%20sem-4%20syllabus.pdf,Unnamed PDF,https://www.srki.ac.in/department/microbiology/
https://www.srki.ac.in/upload/2022-23/m.sc.%20imb%20%20sem%201.pdf,Unnamed PDF,https://www.srki.ac.in/department/microbiology/
https://www.srki.ac.in/upload/2022-23/m.sc.%20imb%20sem%202.pdf,Unnamed PDF,https://www.srki.ac.in/department/microbiology/
https://www.srki.ac.in/upload/2022-23/m.sc.%20imb%20sem%203.pdf,Unnamed PDF,https://www.srki.ac.in/department/microbiology/
https://www.srki.ac.in/upload/2022-23/m.sc.%20imb%20sem%204.pdf,Unnamed PDF,https://www.srki.ac.in/department/microbiology/
https://www.srki.ac.in/upload/2022-23/pgdmlt%20sem-1%20syllabus.pdf,Unnamed PDF,https://www.srki.ac.in/department/microbiology/
https://www.srki.ac.in/upload/2022-23/pgdmltsem-2%20syllabus.pdf,Unnamed PDF,https://www.srki.ac.in/department/microbiology/
http://www.srki.ac.in/upload/m.sc.%20microbiology%20semester%20i.pdf,Unnamed PDF,https://www.srki.ac.in/department/microbiology/
http://www.srki.ac.in/upload/m.sc.%20microbiology%20semester%20ii.pdf,Unnamed PDF,https://www.srki.ac.in/department/microbiology/
http://www.srki.ac.in/upload/m.sc.%20microbiology%20semester%20iii.pdf,Unnamed PDF,https://www.srki.ac.in/department/microbiology/
http://www.srki.ac.in/upload/m.sc.%20microbiology%20semester%20iv.pdf,Unnamed PDF,https://www.srki.ac.in/department/microbiology/
http://www.srki.ac.in/upload/files/lecture-on-career-guidance-for-ug.pdf,Unnamed PDF,https://www.srki.ac.in/department/microbiology/
http://www.srki.ac.in/upload/files/lecture-on-optimization-of-internet-search.pdf,Unnamed PDF,https://www.srki.ac.in/department/microbiology/
http://www.srki.ac.in/upload/files/report-of-guest-lecture-series-for-pg-2015.pdf,Unnamed PDF,https://www.srki.ac.in/department/microbiology/
http://www.srki.ac.in/upload/files/report-of-guest-lecture-series-for-ug-2015-2.pdf,Unnamed PDF,https://www.srki.ac.in/department/microbiology/
http://www.srki.ac.in/upload/files/t.-satyanarayan-guest-lecture.pdf,Unnamed PDF,https://www.srki.ac.in/department/microbiology/
http://www.srki.ac.in/upload/files/ugam-2016-event-report.pdf,Unnamed PDF,https://www.srki.ac.in/department/microbiology/
https://www.srki.ac.in/upload/gsbtm%20competition%20report%202016-17.pdf,Unnamed PDF,https://www.srki.ac.in/department/microbiology/
https://www.srki.ac.in/upload/ugam%20competitions%20report%202016-17.pdf,Unnamed PDF,https://www.srki.ac.in/department/microbiology/
https://www.srki.ac.in/upload/mb%20department%20activity%20report%202016-17.pdf,Unnamed PDF,https://www.srki.ac.in/department/microbiology/
http://www.srki.ac.in/upload/guest%20lecture%202017-18.pdf,Unnamed PDF,https://www.srki.ac.in/department/microbiology/
http://www.srki.ac.in/upload/mahavir%20hospital%20lab%20visit%202017-18.pdf,Unnamed PDF,https://www.srki.ac.in/department/microbiology/
http://www.srki.ac.in/upload/microcare%20lab%20visit%202017-18.pdf,Unnamed PDF,https://www.srki.ac.in/department/microbiology/
http://www.srki.ac.in/upload/sterling%20accu.%20diag%20visit%202017-18.pdf,Unnamed PDF,https://www.srki.ac.in/department/microbiology/
https://www.srki.ac.in/upload/mb%20department%20activity%20report%202018-19.pdf,Unnamed PDF,https://www.srki.ac.in/department/microbiology/
https://www.srki.ac.in/upload/mb%20guest%20lecture%20series%20report%20-%202019.pdf,Unnamed PDF,https://www.srki.ac.in/department/microbiology/
https://www.srki.ac.in/upload/2023-24/Rabies%20Day%20Celebration-2023.pdf,Unnamed PDF,https://www.srki.ac.in/department/microbiology/
https://www.srki.ac.in/upload/2023-24/170th%20gram.pdf,Unnamed PDF,https://www.srki.ac.in/department/microbiology/
https://www.srki.ac.in/upload/2023-24/syllabus/bt-ch-mb-sem1-merged.pdf,Unnamed PDF,https://www.srki.ac.in/department/biotechnology/
https://www.srki.ac.in/upload/2021-22/b.sc.%20bt-sem-2.pdf,Unnamed PDF,https://www.srki.ac.in/department/biotechnology/
https://www.srki.ac.in/upload/2021-22/b.sc.%20bt%20sem-3.pdf,Unnamed PDF,https://www.srki.ac.in/department/biotechnology/
https://www.srki.ac.in/upload/2021-22/b.sc.%20bt%20sem-4.pdf,Unnamed PDF,https://www.srki.ac.in/department/biotechnology/
https://www.srki.ac.in/upload/2021-22/b.sc.%20bt%20sem-5.pdf,Unnamed PDF,https://www.srki.ac.in/department/biotechnology/
https://www.srki.ac.in/upload/2021-22/b.sc.%20bt%20sem-6.pdf,Unnamed PDF,https://www.srki.ac.in/department/biotechnology/
https://www.srki.ac.in/upload/2023-24/syllabus/foundation%20majors%20in%20applied%20sciences-1.pdf,Unnamed PDF,https://www.srki.ac.in/department/biotechnology/
https://www.srki.ac.in/upload/2023-24/syllabus/foundation%20laboratory%20in%20applied%20sciences-1.pdf,Unnamed PDF,https://www.srki.ac.in/department/biotechnology/
https://www.srki.ac.in/upload/2023-24/syllabus/foundation%20minors%20in%20applied%20sciences-1.pdf,Unnamed PDF,https://www.srki.ac.in/department/biotechnology/
https://www.srki.ac.in/upload/2023-24/syllabus/sec%20-%20soap%20and%20detergent%20making.pdf,Unnamed PDF,https://www.srki.ac.in/department/biotechnology/
https://www.srki.ac.in/upload/2023-24/syllabus/sec-%20arogya%20mitra.pdf,Unnamed PDF,https://www.srki.ac.in/department/biotechnology/
https://www.srki.ac.in/upload/2023-24/syllabus/mil%20gujarati-bt.pdf,Unnamed PDF,https://www.srki.ac.in/department/biotechnology/
https://www.srki.ac.in/upload/2023-24/syllabus/iks-foundation_1.pdf,Unnamed PDF,https://www.srki.ac.in/department/biotechnology/
https://www.srki.ac.in/upload/2021-22/b.sc.%20biotech%20sem%202.pdf,Unnamed PDF,https://www.srki.ac.in/department/biotechnology/
https://www.srki.ac.in/upload/2021-22/b.sc.%20biotech%20sem%203.pdf,Unnamed PDF,https://www.srki.ac.in/department/biotechnology/
https://www.srki.ac.in/upload/2021-22/b.sc.%20biotech%20sem%204.pdf,Unnamed PDF,https://www.srki.ac.in/department/biotechnology/
https://www.srki.ac.in/upload/2021-22/b.sc.%20biotech%20sem%205.pdf,Unnamed PDF,https://www.srki.ac.in/department/biotechnology/
https://www.srki.ac.in/upload/2021-22/b.sc.%20biotech%20sem%206.pdf,Unnamed PDF,https://www.srki.ac.in/department/biotechnology/
https://www.srki.ac.in/upload/2022-23/m.sc.%20biotechnology%20sem-1%20(1).pdf,Unnamed PDF,https://www.srki.ac.in/department/biotechnology/
https://www.srki.ac.in/upload/2022-23/m.sc.%20biotechnology%20sem-2%20(1).pdf,Unnamed PDF,https://www.srki.ac.in/department/biotechnology/
https://www.srki.ac.in/upload/2022-23/m.sc.%20biotechnology%20sem-3%20(1).pdf,Unnamed PDF,https://www.srki.ac.in/department/biotechnology/
https://www.srki.ac.in/upload/2022-23/m.sc%20medical%20biotechnology%20sem-1.pdf,Unnamed PDF,https://www.srki.ac.in/department/biotechnology/
https://www.srki.ac.in/upload/2022-23/m.sc.%20medical%20biotechnology%20sem-2%20(1).pdf,Unnamed PDF,https://www.srki.ac.in/department/biotechnology/
https://www.srki.ac.in/upload/2022-23/m.sc.%20medical%20biotechnology%20sem-3%20(1)_1.pdf,Unnamed PDF,https://www.srki.ac.in/department/biotechnology/
https://www.srki.ac.in/upload/2022-23/m.sc.%20genetics%20sem-1.pdf,Unnamed PDF,https://www.srki.ac.in/department/biotechnology/
https://www.srki.ac.in/upload/2022-23/m.sc.%20genetics%20sem-2%20(1).pdf,Unnamed PDF,https://www.srki.ac.in/department/biotechnology/
https://www.srki.ac.in/upload/2022-23/m.sc.%20genetics%20sem-3%20(1).pdf,Unnamed PDF,https://www.srki.ac.in/department/biotechnology/
http://www.srki.ac.in/upload/files/7-8.pdf,Unnamed PDF,https://www.srki.ac.in/department/biotechnology/
http://www.srki.ac.in/upload/files/7-8_1.pdf,Unnamed PDF,https://www.srki.ac.in/department/biotechnology/
https://www.srki.ac.in/upload/sem9%20syllabus.pdf,Unnamed PDF,https://www.srki.ac.in/department/biotechnology/
https://www.srki.ac.in/upload/sem10%20syllabus.pdf,Unnamed PDF,https://www.srki.ac.in/department/biotechnology/
https://www.srki.ac.in/upload/files/bioprocess%20lab.pdf,Unnamed PDF,https://www.srki.ac.in/department/biotechnology/
https://www.srki.ac.in/upload/files/ptc%20lab.pdf,Unnamed PDF,https://www.srki.ac.in/department/biotechnology/
https://www.srki.ac.in/upload/files/animal%20cell%20culture%20lab.pdf,Unnamed PDF,https://www.srki.ac.in/department/biotechnology/
https://www.srki.ac.in/upload/report-format_1.pdf,Unnamed PDF,https://www.srki.ac.in/department/biotechnology/
https://www.srki.ac.in/upload/report-for-lion-day_1.pdf,Unnamed PDF,https://www.srki.ac.in/department/biotechnology/
https://www.srki.ac.in/upload/report-format-2_1.pdf,Unnamed PDF,https://www.srki.ac.in/department/biotechnology/
https://www.srki.ac.in/upload/report-format-3_1.pdf,Unnamed PDF,https://www.srki.ac.in/department/biotechnology/
https://www.srki.ac.in/upload/report-format-4_1.pdf,Unnamed PDF,https://www.srki.ac.in/department/biotechnology/
https://www.srki.ac.in/upload/sumul-report_1.pdf,Unnamed PDF,https://www.srki.ac.in/department/biotechnology/
https://www.srki.ac.in/upload/image/biogas%202017.pdf,Unnamed PDF,https://www.srki.ac.in/department/biotechnology/
https://www.srki.ac.in/upload/west%20coast%20company%20visit%20report.pdf,Unnamed PDF,https://www.srki.ac.in/department/biotechnology/
https://www.srki.ac.in/upload/basics%20of%20first%20aid%20report.pdf,Unnamed PDF,https://www.srki.ac.in/department/biotechnology/
https://www.srki.ac.in/upload/bird%20rescue%20during%20kite%20flying%20festival%20report.pdf,Unnamed PDF,https://www.srki.ac.in/department/biotechnology/
https://www.srki.ac.in/upload/report%20for%20gandhinagar%20trip.pdf,Unnamed PDF,https://www.srki.ac.in/department/biotechnology/
https://www.srki.ac.in/upload/lata%20ningoo%20guest%20lecture.pdf,Unnamed PDF,https://www.srki.ac.in/department/biotechnology/
https://www.srki.ac.in/upload/image/aquaexpo%202017.pdf,Unnamed PDF,https://www.srki.ac.in/department/biotechnology/
https://www.srki.ac.in/upload/biotech%20depat.%20activity%20wth%20nss%2023-2-18.pdf,Unnamed PDF,https://www.srki.ac.in/department/biotechnology/
https://www.srki.ac.in/upload/biotech.syllabus%20revision%20%20%20%20%20%20%20%20%20%20workshop%20%20%20%20%20%20%20%20%20%20%204th%20april%202018.pdf,Unnamed PDF,https://www.srki.ac.in/department/biotechnology/
https://www.srki.ac.in/upload/visit%20to%20zeal%20aqua%20company.pdf,Unnamed PDF,https://www.srki.ac.in/department/biotechnology/
https://www.srki.ac.in/upload/image/report-%20educational%20tour%202019.pdf,Unnamed PDF,https://www.srki.ac.in/department/biotechnology/
https://www.srki.ac.in/upload/1st%20feb%202019%20wildlife%20crimes%20%26%20wildlife%20laws.pdf,Unnamed PDF,https://www.srki.ac.in/department/biotechnology/
https://www.srki.ac.in/upload/bird%20rescue%20%20%20%20%20%20%20%20%20%20%20training%20%20%20%20%20%20%20%20%20%20%204th%20jan.2018.pdf,Unnamed PDF,https://www.srki.ac.in/department/biotechnology/
https://www.srki.ac.in/upload/guest%20lecture%20on%20national%20parks%20%26%20sanctuaries%20%20%20%20%20%20%20%20%20%2021st%20dec%202018.pdf,Unnamed PDF,https://www.srki.ac.in/department/biotechnology/
https://www.srki.ac.in/upload/report%20by%20tsd.pdf,Unnamed PDF,https://www.srki.ac.in/department/biotechnology/
https://www.srki.ac.in/upload/report%20aqua%20expo%202020.pdf,Unnamed PDF,https://www.srki.ac.in/department/biotechnology/
https://www.srki.ac.in/upload/files/career%20guidance%20by%20abhishek%20koladiya.pdf,Unnamed PDF,https://www.srki.ac.in/department/biotechnology/
https://www.srki.ac.in/upload/files/career%20guidance%20by%20chintan%20haranwala.pdf,Unnamed PDF,https://www.srki.ac.in/department/biotechnology/
https://www.srki.ac.in/upload/files/guest%20lecture%20by%20dr%20shivashankar%20chettiar.pdf,Unnamed PDF,https://www.srki.ac.in/department/biotechnology/
https://www.srki.ac.in/upload/29th%20july%2019%20therapeutics%20workshop.pdf,Unnamed PDF,https://www.srki.ac.in/department/biotechnology/
https://www.srki.ac.in/upload/animal%20album%20competition-converted.pdf,Unnamed PDF,https://www.srki.ac.in/department/biotechnology/
https://www.srki.ac.in/upload/snake%20identification%20%26%20animal%20touch%20program-converted.pdf,Unnamed PDF,https://www.srki.ac.in/department/biotechnology/
https://www.srki.ac.in/upload/visit%20to%20human%20cytogenetic%20lab-converted.pdf,Unnamed PDF,https://www.srki.ac.in/department/biotechnology/
https://www.srki.ac.in/upload/biosafety%20awareness%20program.pdf,Unnamed PDF,https://www.srki.ac.in/department/biotechnology/
https://www.srki.ac.in/upload/commemoration%20of%20har%20govind%20khurana_1.pdf,Unnamed PDF,https://www.srki.ac.in/department/biotechnology/
https://www.srki.ac.in/upload/visit%20to%20ivf%20center.pdf,Unnamed PDF,https://www.srki.ac.in/department/biotechnology/
https://www.srki.ac.in/upload/visit%20to%20human%20cytogenetic%20lab-converted_1.pdf,Unnamed PDF,https://www.srki.ac.in/department/biotechnology/
https://www.srki.ac.in/upload/2021-22/ivf%20visit%20report.pdf,Unnamed PDF,https://www.srki.ac.in/department/biotechnology/
https://www.srki.ac.in/upload/2021-22/report%20lab%20visit%20m.sc.%20medical%20biotechology%20sem-2.pdf,Unnamed PDF,https://www.srki.ac.in/department/biotechnology/
https://www.srki.ac.in/upload/2021-22/kitchen%20%26%20terrace%20gardening.pdf,Unnamed PDF,https://www.srki.ac.in/department/biotechnology/
https://www.srki.ac.in/upload/2021-22/snake%20awareness%20program.pdf,Unnamed PDF,https://www.srki.ac.in/department/biotechnology/
https://www.srki.ac.in/upload/2021-22/mayank%20aquaculture%20report.pdf,Unnamed PDF,https://www.srki.ac.in/department/biotechnology/
https://www.srki.ac.in/upload/2021-22/zeal%20aquaculture.pdf,Unnamed PDF,https://www.srki.ac.in/department/biotechnology/
https://www.srki.ac.in/upload/2022-23/report%20%20manav%20module.pdf,Unnamed PDF,https://www.srki.ac.in/department/biotechnology/
https://www.srki.ac.in/upload/2022-23/animal%20album.pdf,Unnamed PDF,https://www.srki.ac.in/department/biotechnology/
https://www.srki.ac.in/upload/2022-23/rangoli%20competition.pdf,Unnamed PDF,https://www.srki.ac.in/department/biotechnology/
https://www.srki.ac.in/upload/2023-24/syllabus/bt-ch-mb-sem1-merged.pdf,Unnamed PDF,https://www.srki.ac.in/department/environmental-science/
https://www.srki.ac.in/upload/2023-24/syllabus/foundation%20majors%20in%20applied%20sciences-1.pdf,Unnamed PDF,https://www.srki.ac.in/department/environmental-science/
https://www.srki.ac.in/upload/2023-24/syllabus/foundation%20laboratory%20in%20applied%20sciences-1.pdf,Unnamed PDF,https://www.srki.ac.in/department/environmental-science/
https://www.srki.ac.in/upload/2023-24/syllabus/foundation%20minors%20in%20applied%20sciences-1.pdf,Unnamed PDF,https://www.srki.ac.in/department/environmental-science/
https://www.srki.ac.in/upload/2023-24/syllabus/sec%20-%20soap%20and%20detergent%20making.pdf,Unnamed PDF,https://www.srki.ac.in/department/environmental-science/
https://www.srki.ac.in/upload/2023-24/syllabus/sec-%20arogya%20mitra.pdf,Unnamed PDF,https://www.srki.ac.in/department/environmental-science/
https://www.srki.ac.in/upload/2023-24/syllabus/mil%20gujarati-bt.pdf,Unnamed PDF,https://www.srki.ac.in/department/environmental-science/
https://www.srki.ac.in/upload/2023-24/syllabus/iks-foundation_1.pdf,Unnamed PDF,https://www.srki.ac.in/department/environmental-science/
https://www.srki.ac.in/upload/2021-22/b.sc.%20es%20sem%202.pdf,Unnamed PDF,https://www.srki.ac.in/department/environmental-science/
https://www.srki.ac.in/upload/2021-22/b.sc.%20es%20sem%203.pdf,Unnamed PDF,https://www.srki.ac.in/department/environmental-science/
https://www.srki.ac.in/upload/2021-22/b.sc.%20es%20sem%204.pdf,Unnamed PDF,https://www.srki.ac.in/department/environmental-science/
https://www.srki.ac.in/upload/2021-22/b.sc.%20es%20sem%205.pdf,Unnamed PDF,https://www.srki.ac.in/department/environmental-science/
https://www.srki.ac.in/upload/2021-22/b.sc.%20es%20sem%206.pdf,Unnamed PDF,https://www.srki.ac.in/department/environmental-science/
https://www.srki.ac.in/upload/2022-23/m%20sc%20es%20sem%201.pdf,Unnamed PDF,https://www.srki.ac.in/department/environmental-science/
https://www.srki.ac.in/upload/2022-23/m%20sc%20es%20sem%202.pdf,Unnamed PDF,https://www.srki.ac.in/department/environmental-science/
https://www.srki.ac.in/upload/2022-23/m%20sc%20es%20sem%203.pdf,Unnamed PDF,https://www.srki.ac.in/department/environmental-science/
https://www.srki.ac.in/upload/2022-23/m%20sc%20es%20sem%204.pdf,Unnamed PDF,https://www.srki.ac.in/department/environmental-science/
https://www.srki.ac.in/upload/2022-23/m%20sc%20ism%20sem%201.pdf,Unnamed PDF,https://www.srki.ac.in/department/environmental-science/
https://www.srki.ac.in/upload/2022-23/m%20sc%20ism%20sem%202.pdf,Unnamed PDF,https://www.srki.ac.in/department/environmental-science/
https://www.srki.ac.in/upload/2022-23/m%20sc%20ism%20sem%203.pdf,Unnamed PDF,https://www.srki.ac.in/department/environmental-science/
https://www.srki.ac.in/upload/2022-23/m%20sc%20ism%20sem%204.pdf,Unnamed PDF,https://www.srki.ac.in/department/environmental-science/
https://www.srki.ac.in/upload/2022-23/m%20sc%20em%20sem%201.pdf,Unnamed PDF,https://www.srki.ac.in/department/environmental-science/
https://www.srki.ac.in/upload/2022-23/m%20sc%20em%20sem%202.pdf,Unnamed PDF,https://www.srki.ac.in/department/environmental-science/
https://www.srki.ac.in/upload/2022-23/m%20sc%20em%20sem%203.pdf,Unnamed PDF,https://www.srki.ac.in/department/environmental-science/
https://www.srki.ac.in/upload/2022-23/m%20sc%20em%20sem%204.pdf,Unnamed PDF,https://www.srki.ac.in/department/environmental-science/
http://www.srki.ac.in/upload/files/pdf%20%20new%20syllabus%20%20m.sc.%20(env.%20sci)%20sem%20i%2Cii%20%20-%2021%20may%202018%20-%2019_1.pdf,Unnamed PDF,https://www.srki.ac.in/department/environmental-science/
http://www.srki.ac.in/upload/files/pdf%20%20new%20syllabus%20%20m.sc.%20(env.%20sci)%20sem%20i%2Cii%20%20-%2021%20may%202018%20-%2019_2.pdf,Unnamed PDF,https://www.srki.ac.in/department/environmental-science/
https://www.srki.ac.in/upload/files/m.sc.environmental%20science%20-%20sem%20iii.pdf,Unnamed PDF,https://www.srki.ac.in/department/environmental-science/
https://www.srki.ac.in/upload/files/m.sc.environmental%20science%20-%20sem%20iv.pdf,Unnamed PDF,https://www.srki.ac.in/department/environmental-science/
https://www.srki.ac.in/upload/files/annual%20course%20calendar%20iirs%20distance%20learning%20programme%20%E2%80%93%202020.pdf,Unnamed PDF,https://www.srki.ac.in/department/environmental-science/
https://www.srki.ac.in/upload/files/details%20of%20rio25%2B%20programme.pdf,Unnamed PDF,https://www.srki.ac.in/department/environmental-science/
https://www.srki.ac.in/upload/image/2015-16%20es.pdf,Unnamed PDF,https://www.srki.ac.in/department/environmental-science/
https://www.srki.ac.in/upload/image/2016-17%20es.pdf,Unnamed PDF,https://www.srki.ac.in/department/environmental-science/
https://www.srki.ac.in/upload/image/2017-18%20es.pdf,Unnamed PDF,https://www.srki.ac.in/department/environmental-science/
https://www.srki.ac.in/upload/image/2018-19%20es.pdf,Unnamed PDF,https://www.srki.ac.in/department/environmental-science/
https://www.srki.ac.in/upload/one%20day%20orientation%20programme%20-%20cleaner%20productions.pdf,Unnamed PDF,https://www.srki.ac.in/department/environmental-science/
https://www.srki.ac.in/upload/biodiversity%20park%20report%20-%20swachh%20survekshan%202020%20citizen%20feedback%20awareness%20programme.pdf,Unnamed PDF,https://www.srki.ac.in/department/environmental-science/
https://www.srki.ac.in/upload/guest%20lecture%20on%20-%20entrepreneurship%20for%20beginners.pdf,Unnamed PDF,https://www.srki.ac.in/department/environmental-science/
https://www.srki.ac.in/upload/industrial%20visit%20-%20educational%20trip.pdf,Unnamed PDF,https://www.srki.ac.in/department/environmental-science/
https://www.srki.ac.in/upload/educational%20trip%20smc%20biodiversity%20park%20-%20althan%20-%20surat%20and%20sajjan%20india%20and%20nctl%20etps%2C%20ankleshwar%20-%20report_es.pdf,Unnamed PDF,https://www.srki.ac.in/department/environmental-science/
https://www.srki.ac.in/upload/image/crane%20conservation%20report.pdf,Unnamed PDF,https://www.srki.ac.in/department/environmental-science/
https://www.srki.ac.in/upload/covid-19/es/covid_e_report_1.pdf,Unnamed PDF,https://www.srki.ac.in/department/environmental-science/
https://www.srki.ac.in/upload/covid-19/es/covid_e_report_2.pdf,Unnamed PDF,https://www.srki.ac.in/department/environmental-science/
https://www.srki.ac.in/upload/physics_sem1_1.pdf,Unnamed PDF,https://www.srki.ac.in/department/allied/
https://www.srki.ac.in/upload/physics_sem2.pdf,Unnamed PDF,https://www.srki.ac.in/department/allied/
https://www.srki.ac.in/upload/fy_english.pdf,Unnamed PDF,https://www.srki.ac.in/department/allied/
https://www.srki.ac.in/upload/sy_english.pdf,Unnamed PDF,https://www.srki.ac.in/department/allied/
https://www.srki.ac.in/upload/e%20foundation%20course%20in%20english%20sem5-6.pdf,Unnamed PDF,https://www.srki.ac.in/department/allied/
https://www.srki.ac.in/upload/b.sc.%20mathematocs%20sem%201-2%20(june%202017).pdf,Unnamed PDF,https://www.srki.ac.in/department/allied/
https://www.srki.ac.in/upload/b.sc.%20mathematics%20sem%203-4%20(june%202018).pdf,Unnamed PDF,https://www.srki.ac.in/department/allied/
https://www.srki.ac.in/upload/image/phy.pdf,Unnamed PDF,https://www.srki.ac.in/department/allied/
https://www.srki.ac.in/upload/two-day%20workshop%20on%20developing%20soft%20skills.pdf,Unnamed PDF,https://www.srki.ac.in/department/allied/
https://www.srki.ac.in/upload/report-%20ppt%20presentation.pdf,Unnamed PDF,https://www.srki.ac.in/department/allied/
https://www.srki.ac.in/upload/chemistr%20dept%20report%20201617.pdf,Unnamed PDF,https://www.srki.ac.in/department/allied/
https://www.srki.ac.in/upload/report-%20spell%20bee%20-%202017-18.pdf,Unnamed PDF,https://www.srki.ac.in/department/allied/
https://www.srki.ac.in/upload/report%20of%20chem%20dept.pdf,Unnamed PDF,https://www.srki.ac.in/department/allied/
https://www.srki.ac.in/upload/report-%20spell%20bee%20-%202018-19.pdf,Unnamed PDF,https://www.srki.ac.in/department/allied/
https://www.srki.ac.in/upload/report%20of%20chem%20dept%2018-19.pdf,Unnamed PDF,https://www.srki.ac.in/department/allied/
https://www.srki.ac.in/upload/workshop%20on%20writing%20curriculum%20vitae%20(4).pdf,Unnamed PDF,https://www.srki.ac.in/department/allied/
https://www.srki.ac.in/upload/spell%20bee%20report-%202019-20.pdf,Unnamed PDF,https://www.srki.ac.in/department/allied/
https://www.srki.ac.in/upload/chemistr%20dept%20report%20201920.pdf,Unnamed PDF,https://www.srki.ac.in/department/allied/
https://www.srki.ac.in/upload/2023-24/syllabus/bt-ch-mb-sem1-merged.pdf,Unnamed PDF,https://www.srki.ac.in/department/chemistry/
https://www.srki.ac.in/upload/2021-22/b.sc.%20chemistry%20sem.-ii_1.pdf,Unnamed PDF,https://www.srki.ac.in/department/chemistry/
https://www.srki.ac.in/upload/2021-22/b.sc.%20chemistry%20sem.-iii_1.pdf,Unnamed PDF,https://www.srki.ac.in/department/chemistry/
https://www.srki.ac.in/upload/2021-22/b.sc.%20chemistry-sem.-iv_1.pdf,Unnamed PDF,https://www.srki.ac.in/department/chemistry/
https://www.srki.ac.in/upload/2021-22/b.sc.%20chemistry-sem.-v_1.pdf,Unnamed PDF,https://www.srki.ac.in/department/chemistry/
https://www.srki.ac.in/upload/2021-22/b.sc.%20chemistry-sem.-vi_1.pdf,Unnamed PDF,https://www.srki.ac.in/department/chemistry/
https://www.srki.ac.in/upload/2023-24/syllabus/foundation%20majors%20in%20applied%20sciences-1.pdf,Unnamed PDF,https://www.srki.ac.in/department/chemistry/
https://www.srki.ac.in/upload/2023-24/syllabus/foundation%20laboratory%20in%20applied%20sciences-1.pdf,Unnamed PDF,https://www.srki.ac.in/department/chemistry/
https://www.srki.ac.in/upload/2023-24/syllabus/foundation%20minors%20in%20applied%20sciences-1.pdf,Unnamed PDF,https://www.srki.ac.in/department/chemistry/
https://www.srki.ac.in/upload/2023-24/syllabus/sec%20-%20soap%20and%20detergent%20making.pdf,Unnamed PDF,https://www.srki.ac.in/department/chemistry/
https://www.srki.ac.in/upload/2023-24/syllabus/sec-%20arogya%20mitra.pdf,Unnamed PDF,https://www.srki.ac.in/department/chemistry/
https://www.srki.ac.in/upload/2023-24/syllabus/mil%20gujarati-bt.pdf,Unnamed PDF,https://www.srki.ac.in/department/chemistry/
https://www.srki.ac.in/upload/2023-24/syllabus/iks-foundation_1.pdf,Unnamed PDF,https://www.srki.ac.in/department/chemistry/
https://www.srki.ac.in/upload/2021-22/b.sc.%20chemistry%20sem.-ii.pdf,Unnamed PDF,https://www.srki.ac.in/department/chemistry/
https://www.srki.ac.in/upload/2021-22/b.sc.%20chemistry%20sem.-iii_2.pdf,Unnamed PDF,https://www.srki.ac.in/department/chemistry/
https://www.srki.ac.in/upload/2021-22/b.sc.%20chemistry-sem.-iv_2.pdf,Unnamed PDF,https://www.srki.ac.in/department/chemistry/
https://www.srki.ac.in/upload/2021-22/b.sc.%20chemistry-sem.-v_2.pdf,Unnamed PDF,https://www.srki.ac.in/department/chemistry/
https://www.srki.ac.in/upload/2021-22/b.sc.%20chemistry-sem.-vi_2.pdf,Unnamed PDF,https://www.srki.ac.in/department/chemistry/
https://www.srki.ac.in/upload/2021-22/m.sc.%20organic%20chemistry%20semester%20-%20i_1.pdf,Unnamed PDF,https://www.srki.ac.in/department/chemistry/
https://www.srki.ac.in/upload/2021-22/m.sc.%20organic%20chemistry%20semester%20-%20ii_1.pdf,Unnamed PDF,https://www.srki.ac.in/department/chemistry/
https://www.srki.ac.in/upload/2021-22/m.sc.%20organic%20chemistry%20semester%20-%20iii_1.pdf,Unnamed PDF,https://www.srki.ac.in/department/chemistry/
https://www.srki.ac.in/upload/2021-22/m.sc.%20organic%20chemistry%20semester%20-%20iv_1.pdf,Unnamed PDF,https://www.srki.ac.in/department/chemistry/
https://www.srki.ac.in/upload/2021-22/m.sc.(computer%20application)%20syllabus%202020-21.pdf,Unnamed PDF,https://www.srki.ac.in/department/chemistry/
https://www.srki.ac.in/upload/2021-22/m.sc.(computer%20application)%20syllabus%202020-21.pdf,Unnamed PDF,https://www.srki.ac.in/department/chemistry/
https://www.srki.ac.in/upload/m.sc.%20comp.appli._2019.pdf,Unnamed PDF,https://www.srki.ac.in/department/chemistry/
https://www.srki.ac.in/upload/m.sc.%20comp.appli._2019_1.pdf,Unnamed PDF,https://www.srki.ac.in/department/chemistry/
https://www.srki.ac.in/upload/image/phy.pdf,Unnamed PDF,https://www.srki.ac.in/department/chemistry/
https://www.srki.ac.in/upload/two-day%20workshop%20on%20developing%20soft%20skills.pdf,Unnamed PDF,https://www.srki.ac.in/department/chemistry/
https://www.srki.ac.in/upload/report-%20ppt%20presentation.pdf,Unnamed PDF,https://www.srki.ac.in/department/chemistry/
https://www.srki.ac.in/upload/chemistr%20dept%20report%20201617.pdf,Unnamed PDF,https://www.srki.ac.in/department/chemistry/
https://www.srki.ac.in/upload/report-%20spell%20bee%20-%202017-18.pdf,Unnamed PDF,https://www.srki.ac.in/department/chemistry/
https://www.srki.ac.in/upload/report%20of%20chem%20dept.pdf,Unnamed PDF,https://www.srki.ac.in/department/chemistry/
https://www.srki.ac.in/upload/report-%20spell%20bee%20-%202018-19.pdf,Unnamed PDF,https://www.srki.ac.in/department/chemistry/
https://www.srki.ac.in/upload/report%20of%20chem%20dept%2018-19.pdf,Unnamed PDF,https://www.srki.ac.in/department/chemistry/
https://www.srki.ac.in/upload/workshop%20on%20writing%20curriculum%20vitae%20(4).pdf,Unnamed PDF,https://www.srki.ac.in/department/chemistry/
https://www.srki.ac.in/upload/spell%20bee%20report-%202019-20.pdf,Unnamed PDF,https://www.srki.ac.in/department/chemistry/
https://www.srki.ac.in/upload/chemistr%20dept%20report%20201920.pdf,Unnamed PDF,https://www.srki.ac.in/department/chemistry/
https://www.srki.ac.in/upload/2023-24/Chemistry%20Dept-%20Activity%20Report.pdf,Unnamed PDF,https://www.srki.ac.in/department/chemistry/
https://www.srki.ac.in/upload/2024-25/Free%20Open%20Access%20Journal%20list%20with%20website%20Link.pdf,Click here...,https://www.srki.ac.in/pages/library/
https://www.srki.ac.in/upload/combinepdf_compressed%20(2).pdf,Pratibimb-1999-2009,https://www.srki.ac.in/pages/e-magazine/
https://www.srki.ac.in/upload/ilovepdf_merged_1.pdf,Pratibimb-2009-10,https://www.srki.ac.in/pages/e-magazine/
https://www.srki.ac.in/upload/ilovepdf_merged%20(1)_compressed%20(1).pdf,Pratibimb-2010-11,https://www.srki.ac.in/pages/e-magazine/
https://www.srki.ac.in/upload/ilovepdf_merged.pdf,Pratibimb-2011-12,https://www.srki.ac.in/pages/e-magazine/
https://www.srki.ac.in/upload/pratibimb%20-%202012-13-compressed-merged.pdf,Pratibimb-2012-13,https://www.srki.ac.in/pages/e-magazine/
https://www.srki.ac.in/upload/pratibimb%202013-14%20update.pdf,Pratibimb-2013-14,https://www.srki.ac.in/pages/e-magazine/
https://www.srki.ac.in/upload/ilovepdf_merged_compressed%20(1)_compressed-compressed.pdf,Pratibimb-2014-15,https://www.srki.ac.in/pages/e-magazine/
https://www.srki.ac.in/upload/pratibimb-2015-16_compressed.pdf,Pratibimbâ€“2015-16,https://www.srki.ac.in/pages/e-magazine/
https://www.srki.ac.in/upload/files/E_Magazine_260517_compressed.pdf,Pratibimb-2017,https://www.srki.ac.in/pages/e-magazine/
https://www.srki.ac.in/upload/img_20200320_122600_organized_compressed.pdf,Click Here To Know More.,https://www.srki.ac.in/pages/scholarship-amp-free-ship/
https://www.srki.ac.in/upload/minority%20scholarship.pdf,Click here to know more,https://www.srki.ac.in/pages/scholarship-amp-free-ship/
https://www.srki.ac.in/upload/image/guideline_for_sc_students_20192020.pdf,Click here to know more,https://www.srki.ac.in/pages/scholarship-amp-free-ship/
https://www.srki.ac.in/upload/guideline_for_st_students_20192020(1).pdf,Click here to know more,https://www.srki.ac.in/pages/scholarship-amp-free-ship/
https://www.srki.ac.in/upload/guideline_for_sebc_students_20192020.pdf,Click here to know more,https://www.srki.ac.in/pages/scholarship-amp-free-ship/
https://www.srki.ac.in/upload/2024-25/Committees_Cells%20and%20Clubs_2024-25-2%20(1).pdf,Click Here......,https://www.srki.ac.in/pages/anti-ragging-committtee/
https://www.srki.ac.in/upload/2024-25/Website%20copy%202024%20SRKI%20Report%20for%20Anti%20ragging%20week%20celebration.pdf,Click Here.....,https://www.srki.ac.in/pages/anti-ragging-committtee/
https://www.srki.ac.in/upload/2024-25/105.pdf,Click Here......,https://www.srki.ac.in/pages/academic-calender/
https://www.srki.ac.in/upload/2023-24/academic%20calendar.pdf,Click Here......,https://www.srki.ac.in/pages/academic-calender/
https://www.srki.ac.in/upload/files/rules_regulations.pdf,Click Here.....,https://www.srki.ac.in/pages/code-of-conduct/
https://www.srki.ac.in/upload/policy-online%20classroom%20code%20of%20conduct-2-7.pdf,Click Here.....,https://www.srki.ac.in/pages/code-of-conduct/
http://www.srki.ac.in/upload/files/issue%20certificate.pdf,Download,https://www.srki.ac.in/pages/application-form/
http://www.srki.ac.in/upload/files/admission%20form.pdf,Download,https://www.srki.ac.in/pages/application-form/
http://www.srki.ac.in/upload/files/refund%20deposit.pdf,Download,https://www.srki.ac.in/pages/application-form/
http://www.srki.ac.in/upload/files/railway.pdf,Download,https://www.srki.ac.in/pages/application-form/
http://www.srki.ac.in/upload/files/collecting%20marksheet.pdf,Download,https://www.srki.ac.in/pages/application-form/
http://www.srki.ac.in/upload/files/cancellation%20admission.pdf,Download,https://www.srki.ac.in/pages/application-form/
https://www.srki.ac.in/upload/2024-25/Committees_Cells%20and%20Clubs_2024-25_compressed.pdf,2024-25...,https://www.srki.ac.in/pages/cells-amp-committees/
https://www.srki.ac.in/upload/srki-%20youth%20red%20cross%20activities%202017-18.pdf,Click Here......,https://www.srki.ac.in/pages/red-cross-activities/
https://www.srki.ac.in/upload/srki-youth%20red%20cross%20activites%202018-19_1.pdf,Click Here......,https://www.srki.ac.in/pages/red-cross-activities/
https://www.srki.ac.in/upload/srki-%20youth%20red%20cross%20activites%202019-20.pdf,Click Here......,https://www.srki.ac.in/pages/red-cross-activities/
https://www.srki.ac.in/upload/activites%20of%20srki-yrc%20april%20till%20november%202020%20(1).pdf,Click Here.....,https://www.srki.ac.in/pages/red-cross-activities/
https://www.srki.ac.in/upload/ilovepdf_merged_4.pdf,Click Here......,https://www.srki.ac.in/pages/red-cross-activities/
https://www.srki.ac.in/upload/introduction%20of%20maitrisetu%20cell.pdf,Read More.......,https://www.srki.ac.in/pages/maitri-setu/
https://www.srki.ac.in/upload/maitrisetu%20activites%202017%20-2019.pdf,Click Here......,https://www.srki.ac.in/pages/maitri-setu/
https://www.srki.ac.in/upload/activities%20of%20srki-matrisetu%20april%20to%20september%202020.pdf,Click Here.......,https://www.srki.ac.in/pages/maitri-setu/
